user,time,x,y,z
1,2024-10-22 00:00:00,-0.640034,0.162414,-0.100819
1,2024-10-22 00:01:00,-0.482251,-0.104441,-0.103648
1,2024-10-22 00:02:00,-0.163033,-0.067159,-0.113216
1,2024-10-22 00:03:00,0.070439,0.184283,-0.058496
1,2024-10-22 00:04:00,0.078799,0.036727,0.071006
1,2024-10-22 00:05:00,-0.030385,0.046333,0.16103
1,2024-10-22 00:06:00,-0.056256,0.147933,0.083807
1,2024-10-22 00:07:00,-0.041965,0.094148,-0.064507
1,2024-10-22 00:08:00,0.047306,0.006526,-0.074453
1,2024-10-22 00:09:00,0.080024,0.020949,0.01976
1,2024-10-22 00:10:00,0.057275,0.024964,0.100781
1,2024-10-22 00:11:00,0.046448,0.036532,0.147692
1,2024-10-22 00:12:00,-0.008885,0.055952,0.134462
1,2024-10-22 00:13:00,-0.06627,0.055293,0.082788
1,2024-10-22 00:14:00,-0.073527,0.03853,0.018665
1,2024-10-22 00:15:00,-0.059553,0.034331,-0.009006
1,2024-10-22 00:16:00,-0.048812,0.054517,-0.004684
1,2024-10-22 00:17:00,-0.046467,0.102442,-0.003661
1,2024-10-22 00:18:00,-0.037817,0.111003,-0.020703
1,2024-10-22 00:19:00,-0.016542,0.080104,-0.037606
1,2024-10-22 00:20:00,0.019553,0.032074,-0.045838
1,2024-10-22 00:21:00,0.052439,-0.005343,-0.041288
1,2024-10-22 00:22:00,0.122891,0.007177,-0.036539
1,2024-10-22 00:23:00,0.12834,0.025298,-0.044001
1,2024-10-22 00:24:00,0.156208,0.065634,-0.032108
1,2024-10-22 00:25:00,0.181683,0.053759,-0.014823
1,2024-10-22 00:26:00,0.264414,-0.022294,0.017899
1,2024-10-22 00:27:00,0.236503,-0.057363,0.020953
1,2024-10-22 00:28:00,0.155623,-0.032498,6e-05
1,2024-10-22 00:29:00,0.051507,0.051013,-0.014661
1,2024-10-22 00:30:00,-0.038745,0.135533,-0.02715
1,2024-10-22 00:31:00,0.016578,0.115044,-0.01285
1,2024-10-22 00:32:00,0.066838,-0.040885,0.043248
1,2024-10-22 00:33:00,0.085563,-0.123076,0.068053
1,2024-10-22 00:34:00,0.060159,-0.113258,0.032612
1,2024-10-22 00:35:00,-0.012196,-0.082065,0.020316
1,2024-10-22 00:36:00,-0.080197,-0.027468,0.012294
1,2024-10-22 00:37:00,-0.111992,0.015271,0.007744
1,2024-10-22 00:38:00,-0.078881,0.0258,0.010098
1,2024-10-22 00:39:00,-0.073719,0.001225,0.024053
1,2024-10-22 00:40:00,-0.063185,-0.040311,0.012429
1,2024-10-22 00:41:00,-0.09309,-0.060396,-0.000573
1,2024-10-22 00:42:00,-0.100554,-0.048694,0.010042
1,2024-10-22 00:43:00,-0.085699,-0.042453,0.034707
1,2024-10-22 00:44:00,-0.016089,0.016955,0.036185
1,2024-10-22 00:45:00,0.030953,0.056138,0.053555
1,2024-10-22 00:46:00,0.011347,0.028261,0.115411
1,2024-10-22 00:47:00,-0.049814,-0.0164,0.148156
1,2024-10-22 00:48:00,-0.116959,-0.025654,0.12313
1,2024-10-22 00:49:00,-0.104787,0.000157,0.051611
1,2024-10-22 00:50:00,-0.120961,0.095442,-0.05331
1,2024-10-22 00:51:00,-0.158601,0.175834,-0.144475
1,2024-10-22 00:52:00,-0.121771,0.233495,-0.210521
1,2024-10-22 00:53:00,-0.042857,0.232129,-0.203559
1,2024-10-22 00:54:00,0.058078,0.194269,-0.147258
1,2024-10-22 00:55:00,0.124916,0.166115,-0.091207
1,2024-10-22 00:56:00,0.128944,0.148911,-0.054838
1,2024-10-22 00:57:00,0.115911,0.10525,-0.047395
1,2024-10-22 00:58:00,0.112375,0.043425,-0.034522
1,2024-10-22 00:59:00,0.10684,0.005069,-0.028102
1,2024-10-22 01:00:00,0.060969,0.010538,-0.024157
1,2024-10-22 01:01:00,0.005464,0.018133,-0.010667
1,2024-10-22 01:02:00,-0.027585,0.02888,-0.005571
1,2024-10-22 01:03:00,-0.042483,0.051248,0.008183
1,2024-10-22 01:04:00,-0.072336,0.051369,0.003702
1,2024-10-22 01:05:00,-0.102241,0.024919,-0.015701
1,2024-10-22 01:06:00,-0.108657,0.002647,-0.034945
1,2024-10-22 01:07:00,-0.09053,0.000453,-0.034816
1,2024-10-22 01:08:00,-0.074484,0.024839,-0.01978
1,2024-10-22 01:09:00,-0.054194,0.047066,-0.001507
1,2024-10-22 01:10:00,-0.010525,0.036239,0.004153
1,2024-10-22 01:11:00,0.022529,0.030802,0.003323
1,2024-10-22 01:12:00,0.026806,0.0361,0.00655
1,2024-10-22 01:13:00,0.022466,0.032868,0.019343
1,2024-10-22 01:14:00,0.017099,0.032857,0.026783
1,2024-10-22 01:15:00,0.010707,0.042437,0.034204
1,2024-10-22 01:16:00,0.00332,0.04784,0.021326
1,2024-10-22 01:17:00,0.008645,0.025532,0.001096
1,2024-10-22 01:18:00,0.008626,0.005356,-0.014902
1,2024-10-22 01:19:00,-0.003023,0.02245,-0.017141
1,2024-10-22 01:20:00,-0.011424,0.054429,-0.015105
1,2024-10-22 01:21:00,-0.002831,0.055511,-0.026796
1,2024-10-22 01:22:00,0.00999,0.039569,-0.046983
1,2024-10-22 01:23:00,0.013219,0.037461,-0.055503
1,2024-10-22 01:24:00,0.006813,0.041723,-0.050212
1,2024-10-22 01:25:00,0.004617,0.044858,-0.03314
1,2024-10-22 01:26:00,0.00556,0.036256,-0.013895
1,2024-10-22 01:27:00,0.006502,0.028714,0.006418
1,2024-10-22 01:28:00,0.00644,0.025476,0.017104
1,2024-10-22 01:29:00,0.006425,0.029707,0.024576
1,2024-10-22 01:30:00,0.001158,0.039334,0.019186
1,2024-10-22 01:31:00,-0.001942,0.048984,0.006333
1,2024-10-22 01:32:00,0.004512,0.051131,-0.003239
1,2024-10-22 01:33:00,-0.000913,0.04258,0.008485
1,2024-10-22 01:34:00,-0.017998,0.044749,0.013704
1,2024-10-22 01:35:00,-0.016902,0.050076,0.012636
1,2024-10-22 01:36:00,-0.008343,0.046884,0.004155
1,2024-10-22 01:37:00,0.000144,0.036202,0.004228
1,2024-10-22 01:38:00,0.001196,0.038307,0.009573
1,2024-10-22 01:39:00,0.006555,0.047859,0.013871
1,2024-10-22 01:40:00,0.012898,0.045664,0.024601
1,2024-10-22 01:41:00,0.012874,0.038215,0.022474
1,2024-10-22 01:42:00,0.013984,0.037189,0.0118
1,2024-10-22 01:43:00,0.010827,0.043604,0.008566
1,2024-10-22 01:44:00,0.008731,0.048951,0.005339
1,2024-10-22 01:45:00,0.008775,0.055355,0.002127
1,2024-10-22 01:46:00,0.006732,0.064993,-0.008582
1,2024-10-22 01:47:00,-0.004946,0.066146,-0.020416
1,2024-10-22 01:48:00,0.008875,0.062872,-0.012837
1,2024-10-22 01:49:00,0.036614,0.077629,0.002293
1,2024-10-22 01:50:00,0.030121,0.084997,0.030012
1,2024-10-22 01:51:00,0.003459,0.102075,0.044759
1,2024-10-22 01:52:00,0.003479,0.088299,0.026617
1,2024-10-22 01:53:00,0.008808,0.05008,-0.010685
1,2024-10-22 01:54:00,-0.006123,0.034222,-0.02786
1,2024-10-22 01:55:00,-0.018921,0.042759,-0.020483
1,2024-10-22 01:56:00,-0.024236,0.061892,-0.00559
1,2024-10-22 01:57:00,-0.034972,0.059748,0.007157
1,2024-10-22 01:58:00,-0.044674,0.038472,0.008184
1,2024-10-22 01:59:00,-0.04799,0.022466,0.017796
1,2024-10-22 02:00:00,-0.03735,0.027708,0.029614
1,2024-10-22 02:01:00,-0.015003,0.02864,0.043656
1,2024-10-22 02:02:00,0.010554,0.024264,0.050249
1,2024-10-22 02:03:00,0.028705,0.024213,0.047171
1,2024-10-22 02:04:00,0.052219,0.029474,0.043056
1,2024-10-22 02:05:00,0.061878,0.035858,0.036706
1,2024-10-22 02:06:00,0.066222,0.043338,0.027113
1,2024-10-22 02:07:00,0.052396,0.041303,0.015268
1,2024-10-22 02:08:00,0.040661,0.0371,0.010919
1,2024-10-22 02:09:00,0.035307,0.031797,0.00982
1,2024-10-22 02:10:00,0.035336,0.04031,0.011946
1,2024-10-22 02:11:00,0.028959,0.043537,0.00976
1,2024-10-22 02:12:00,0.022591,0.04465,0.003305
1,2024-10-22 02:13:00,0.014085,0.043644,-0.00423
1,2024-10-22 02:14:00,0.005584,0.044765,-0.010701
1,2024-10-22 02:15:00,-0.001875,0.045861,-0.011822
1,2024-10-22 02:16:00,-0.009357,0.04163,-0.012937
1,2024-10-22 02:17:00,-0.023222,0.0385,-0.017303
1,2024-10-22 02:18:00,-0.034962,0.033231,-0.021651
1,2024-10-22 02:19:00,-0.034967,0.032166,-0.02165
1,2024-10-22 02:20:00,-0.034976,0.031097,-0.02058
1,2024-10-22 02:21:00,-0.033914,0.034272,-0.016304
1,2024-10-22 02:22:00,-0.026441,0.038494,-0.013053
1,2024-10-22 02:23:00,-0.014711,0.037388,-0.012969
1,2024-10-22 02:24:00,-0.000842,0.036278,-0.013939
1,2024-10-22 02:25:00,0.009846,0.036258,-0.018137
1,2024-10-22 02:26:00,0.01308,0.043704,-0.018124
1,2024-10-22 02:27:00,0.013119,0.051165,-0.019202
1,2024-10-22 02:28:00,0.01741,0.056476,-0.019179
1,2024-10-22 02:29:00,0.016238,0.046837,-0.005288
1,2024-10-22 02:30:00,0.010846,0.040439,0.001092
1,2024-10-22 02:31:00,-0.004109,0.03623,0.000993
1,2024-10-22 02:32:00,-0.002014,0.030883,0.004219
1,2024-10-22 02:33:00,0.003263,0.022325,0.00854
1,2024-10-22 02:34:00,0.00111,0.014889,0.00533
1,2024-10-22 02:35:00,-0.002105,0.008521,0.002111
1,2024-10-22 02:36:00,-0.006377,0.010654,0.005283
1,2024-10-22 02:37:00,-0.010654,0.011721,0.008456
1,2024-10-22 02:38:00,-0.011683,0.019186,0.007371
1,2024-10-22 02:39:00,-0.00631,0.025567,0.005264
1,2024-10-22 02:40:00,0.00333,0.032995,0.004254
1,2024-10-22 02:41:00,0.009779,0.039381,1.8e-05
1,2024-10-22 02:42:00,0.009789,0.037268,-0.004252
1,2024-10-22 02:43:00,0.005521,0.0341,-0.007483
1,2024-10-22 02:44:00,0.005512,0.03303,-0.006413
1,2024-10-22 02:45:00,0.006574,0.034083,-0.004271
1,2024-10-22 02:46:00,0.005512,0.037274,-0.002146
1,2024-10-22 02:47:00,0.001239,0.040468,0.002093
1,2024-10-22 02:48:00,0.002297,0.041517,0.005304
1,2024-10-22 02:49:00,0.003388,0.044717,0.003171
1,2024-10-22 02:50:00,0.003383,0.043652,0.003172
1,2024-10-22 02:51:00,-0.000832,0.049019,-0.003273
1,2024-10-22 02:52:00,-0.000789,0.058606,-0.003285
1,2024-10-22 02:53:00,-0.000885,0.045789,0.005276
1,2024-10-22 02:54:00,-0.000899,0.043654,0.006347
1,2024-10-22 02:55:00,-0.00198,0.03834,0.00421
1,2024-10-22 02:56:00,-0.000928,0.03514,0.004221
1,2024-10-22 02:57:00,-0.000933,0.036197,0.006356
1,2024-10-22 02:58:00,-0.001976,0.038344,0.003142
1,2024-10-22 02:59:00,-0.001947,0.043675,0.002067
1,2024-10-22 03:00:00,-0.003009,0.044744,0.002058
1,2024-10-22 03:01:00,-0.004076,0.047931,0.005251
1,2024-10-22 03:02:00,-0.007252,0.053268,0.005222
1,2024-10-22 03:03:00,-0.006176,0.054334,0.00416
1,2024-10-22 03:04:00,-0.00297,0.054327,0.003114
1,2024-10-22 03:05:00,-0.008329,0.05008,0.004151
1,2024-10-22 03:06:00,-0.005119,0.0522,0.00417
1,2024-10-22 03:07:00,0.001335,0.05859,-0.001134
1,2024-10-22 03:08:00,0.005603,0.055392,-0.004305
1,2024-10-22 03:09:00,0.013076,0.058553,-0.00212
1,2024-10-22 03:10:00,0.027988,0.057419,0.002258
1,2024-10-22 03:11:00,0.023658,0.051012,0.009714
1,2024-10-22 03:12:00,0.016166,0.048895,0.012869
1,2024-10-22 03:13:00,0.02471,0.048874,0.010792
1,2024-10-22 03:14:00,0.042833,0.042432,0.007722
1,2024-10-22 03:15:00,0.040646,0.030721,0.007722
1,2024-10-22 03:16:00,0.036403,0.024391,-0.00405
1,2024-10-22 03:17:00,0.031275,0.061728,-0.012679
1,2024-10-22 03:18:00,0.01053,-0.022442,0.008648
1,2024-10-22 03:19:00,-0.04224,-0.095907,0.044693
1,2024-10-22 03:20:00,0.449705,-1.499511,0.043519
1,2024-10-22 03:21:00,-0.681269,-1.414276,-0.576582
1,2024-10-22 03:22:00,-1.783493,-1.553908,-0.932342
1,2024-10-22 03:23:00,-2.431517,-1.896752,-0.947111
1,2024-10-22 03:24:00,-1.071566,-0.829532,-0.747768
1,2024-10-22 03:25:00,-0.501072,-0.257254,-1.297855
1,2024-10-22 03:26:00,0.419463,-1.356718,-0.207908
1,2024-10-22 03:27:00,1.331635,-2.085708,1.21586
1,2024-10-22 03:28:00,1.449989,-1.785075,1.057137
1,2024-10-22 03:29:00,0.843077,-0.54606,-0.836238
1,2024-10-22 03:30:00,0.066422,1.532511,0.047638
1,2024-10-22 03:31:00,-1.383644,1.873113,1.374487
1,2024-10-22 03:32:00,-2.632928,0.975745,0.694999
1,2024-10-22 03:33:00,-2.179569,3.016403,0.139007
1,2024-10-22 03:34:00,-3.877801,3.838411,-1.486924
1,2024-10-22 03:35:00,-5.062348,3.573497,-2.408188
1,2024-10-22 03:36:00,-3.966333,3.823447,-2.461741
1,2024-10-22 03:37:00,-2.329007,3.168443,-2.318074
1,2024-10-22 03:38:00,-1.879872,1.05454,-1.810163
1,2024-10-22 03:39:00,-1.072058,-0.604303,-1.127279
1,2024-10-22 03:40:00,-0.574736,-1.40842,-0.535253
1,2024-10-22 03:41:00,-1.218232,-1.07127,-0.640592
1,2024-10-22 03:42:00,-1.165001,-0.568751,-0.348172
1,2024-10-22 03:43:00,-1.152897,-0.566341,-0.428207
1,2024-10-22 03:44:00,-1.167336,-0.770513,-0.506026
1,2024-10-22 03:45:00,-1.070828,-0.608187,-0.690362
1,2024-10-22 03:46:00,-0.930163,-0.008622,-0.765992
1,2024-10-22 03:47:00,-0.856977,0.269567,-0.867318
1,2024-10-22 03:48:00,-0.865032,-0.148855,-0.918113
1,2024-10-22 03:49:00,-0.96806,-0.423838,-1.059486
1,2024-10-22 03:50:00,-0.660729,-0.621022,-1.032517
1,2024-10-22 03:51:00,-0.693897,-0.213566,-0.601709
1,2024-10-22 03:52:00,-0.471535,0.488447,0.004626
1,2024-10-22 03:53:00,0.01407,0.581342,0.062378
1,2024-10-22 03:54:00,0.353563,0.393843,0.303204
1,2024-10-22 03:55:00,0.938618,0.57477,0.637139
1,2024-10-22 03:56:00,2.030668,0.719122,0.887068
1,2024-10-22 03:57:00,2.550458,1.005149,1.367828
1,2024-10-22 03:58:00,3.250461,1.750727,1.854598
1,2024-10-22 03:59:00,3.086373,1.4386,1.731007
1,2024-10-22 04:00:00,2.157985,0.780754,1.347214
1,2024-10-22 04:01:00,2.207376,1.631352,1.17769
1,2024-10-22 04:02:00,1.687544,0.83538,1.148373
1,2024-10-22 04:03:00,2.203641,0.012668,1.579253
1,2024-10-22 04:04:00,2.476257,-0.376731,2.018559
1,2024-10-22 04:05:00,2.347232,-0.472665,2.144899
1,2024-10-22 04:06:00,2.543993,-0.633046,2.12191
1,2024-10-22 04:07:00,2.164813,-1.055348,2.03114
1,2024-10-22 04:08:00,1.699943,-1.788421,1.942306
1,2024-10-22 04:09:00,1.777939,-1.951985,1.752917
1,2024-10-22 04:10:00,1.928031,-2.297635,1.482012
1,2024-10-22 04:11:00,2.005413,-2.55193,1.338669
1,2024-10-22 04:12:00,1.712663,-2.358515,0.910155
1,2024-10-22 04:13:00,1.081305,-2.007474,0.251544
1,2024-10-22 04:14:00,0.173438,-2.003429,-0.238708
1,2024-10-22 04:15:00,-1.056815,-2.108665,-0.560155
1,2024-10-22 04:16:00,-1.929269,-2.370653,-0.88638
1,2024-10-22 04:17:00,-1.039428,-1.207135,-0.917975
1,2024-10-22 04:18:00,0.098026,-0.392182,-0.842708
1,2024-10-22 04:19:00,0.400682,-1.904596,-0.376116
1,2024-10-22 04:20:00,0.874982,-2.456665,0.607464
1,2024-10-22 04:21:00,1.030852,-2.470579,1.286892
1,2024-10-22 04:22:00,1.064494,-1.505112,1.175863
1,2024-10-22 04:23:00,0.347981,0.724347,-0.025203
1,2024-10-22 04:24:00,-1.061562,1.723647,-0.418753
1,2024-10-22 04:25:00,-1.490971,1.721926,0.648608
1,2024-10-22 04:26:00,-1.927952,0.654784,0.429006
1,2024-10-22 04:27:00,-0.759316,2.11556,0.144741
1,2024-10-22 04:28:00,-2.678544,3.16006,-0.986295
1,2024-10-22 04:29:00,-5.624921,2.748124,-1.975225
1,2024-10-22 04:30:00,-5.532114,2.958713,-2.237629
1,2024-10-22 04:31:00,-3.468522,3.335725,-2.138241
1,2024-10-22 04:32:00,-1.784754,3.468002,-2.045464
1,2024-10-22 04:33:00,-1.693218,-0.242046,-1.669397
1,2024-10-22 04:34:00,-0.019701,-1.91505,-0.859739
1,2024-10-22 04:35:00,-0.346158,-2.374055,-0.60933
1,2024-10-22 04:36:00,-1.078283,-1.566752,-0.463791
1,2024-10-22 04:37:00,-1.472855,-0.38158,-0.268309
1,2024-10-22 04:38:00,-1.487005,-0.335206,-0.397722
1,2024-10-22 04:39:00,-1.271539,-0.825008,-0.640212
1,2024-10-22 04:40:00,-1.087614,-1.219857,-0.89159
1,2024-10-22 04:41:00,-0.762478,-1.201172,-1.050644
1,2024-10-22 04:42:00,-0.886258,-0.670477,-0.990232
1,2024-10-22 04:43:00,-1.250277,0.065548,-0.921079
1,2024-10-22 04:44:00,-1.145231,-0.218509,-0.838796
1,2024-10-22 04:45:00,-0.830837,-0.1955,-0.738353
1,2024-10-22 04:46:00,-0.49905,0.246724,-0.527231
1,2024-10-22 04:47:00,-0.115469,0.418952,-0.240625
1,2024-10-22 04:48:00,0.210306,0.06835,0.040906
1,2024-10-22 04:49:00,0.818727,0.323372,0.473186
1,2024-10-22 04:50:00,1.899143,0.491414,1.201567
1,2024-10-22 04:51:00,2.136824,0.134318,1.851027
1,2024-10-22 04:52:00,2.670715,0.389626,2.01039
1,2024-10-22 04:53:00,3.14012,0.62648,1.779424
1,2024-10-22 04:54:00,2.583457,0.319887,1.411665
1,2024-10-22 04:55:00,2.162964,1.106991,1.277396
1,2024-10-22 04:56:00,1.706407,1.307999,1.222675
1,2024-10-22 04:57:00,1.737368,0.530522,1.152317
1,2024-10-22 04:58:00,2.3093,0.102411,1.422848
1,2024-10-22 04:59:00,2.603288,-0.816255,1.799956
1,2024-10-22 05:00:00,2.885444,-0.804903,2.178995
1,2024-10-22 05:01:00,2.328189,-0.652716,2.166361
1,2024-10-22 05:02:00,1.696087,-0.947943,2.217872
1,2024-10-22 05:03:00,1.825854,-1.271181,2.220261
1,2024-10-22 05:04:00,2.033249,-1.642769,1.992518
1,2024-10-22 05:05:00,1.954954,-1.691781,1.796549
1,2024-10-22 05:06:00,1.515259,-1.57187,1.229303
1,2024-10-22 05:07:00,0.763962,-1.298265,0.592386
1,2024-10-22 05:08:00,-0.249829,-1.163727,0.061703
1,2024-10-22 05:09:00,-1.295455,-1.113697,-0.353726
1,2024-10-22 05:10:00,-1.884641,-1.557508,-0.743969
1,2024-10-22 05:11:00,-0.963468,-0.877347,-0.871934
1,2024-10-22 05:12:00,-0.380347,-0.782286,-0.907506
1,2024-10-22 05:13:00,0.398634,-1.690189,-0.179852
1,2024-10-22 05:14:00,0.581362,-2.211925,0.663852
1,2024-10-22 05:15:00,0.291441,-1.987755,1.065327
1,2024-10-22 05:16:00,0.17941,0.239318,0.20284
1,2024-10-22 05:17:00,-0.911761,1.260483,-1.936125
1,2024-10-22 05:18:00,-1.214408,1.554275,-0.288212
1,2024-10-22 05:19:00,-1.5221,1.551997,0.28114
1,2024-10-22 05:20:00,-2.066757,1.774717,-0.330768
1,2024-10-22 05:21:00,-3.676506,3.098429,-0.959004
1,2024-10-22 05:22:00,-6.25145,3.507293,-1.871616
1,2024-10-22 05:23:00,-5.75734,3.865164,-2.018174
1,2024-10-22 05:24:00,-3.024471,3.04941,-1.519476
1,2024-10-22 05:25:00,-0.691267,2.540659,-1.523891
1,2024-10-22 05:26:00,-1.584335,-0.259347,-1.699593
1,2024-10-22 05:27:00,-1.221061,-1.197298,-1.089104
1,2024-10-22 05:28:00,-0.634463,-1.857952,-0.753011
1,2024-10-22 05:29:00,-1.085564,-1.700246,-0.639928
1,2024-10-22 05:30:00,-1.158782,-0.69095,-0.430225
1,2024-10-22 05:31:00,-1.150248,-0.224357,-0.43824
1,2024-10-22 05:32:00,-1.058911,0.032561,-0.563982
1,2024-10-22 05:33:00,-0.875142,0.45422,-0.675402
1,2024-10-22 05:34:00,-0.986725,0.792291,-0.67341
1,2024-10-22 05:35:00,-1.036308,0.074991,-0.804228
1,2024-10-22 05:36:00,-0.923023,-1.02187,-0.99538
1,2024-10-22 05:37:00,-0.642493,-1.193612,-0.914152
1,2024-10-22 05:38:00,-0.409373,-0.397237,-0.4713
1,2024-10-22 05:39:00,-0.491544,0.591558,-0.188994
1,2024-10-22 05:40:00,-0.312397,0.874143,0.116339
1,2024-10-22 05:41:00,-0.086838,0.599176,0.218679
1,2024-10-22 05:42:00,0.21712,0.468692,0.351293
1,2024-10-22 05:43:00,0.94424,0.566519,0.56455
1,2024-10-22 05:44:00,1.709536,0.462523,0.865926
1,2024-10-22 05:45:00,2.344794,0.594631,1.376531
1,2024-10-22 05:46:00,2.869225,0.689996,1.581966
1,2024-10-22 05:47:00,3.102503,1.002694,1.503078
1,2024-10-22 05:48:00,2.663353,1.126381,1.05654
1,2024-10-22 05:49:00,2.189033,1.757273,0.872957
1,2024-10-22 05:50:00,1.590533,1.373386,0.955795
1,2024-10-22 05:51:00,2.024668,0.306036,1.097995
1,2024-10-22 05:52:00,2.873,0.21337,1.690494
1,2024-10-22 05:53:00,2.530104,-0.503791,1.778748
1,2024-10-22 05:54:00,2.382654,-0.780287,1.787687
1,2024-10-22 05:55:00,2.223634,-0.778722,1.800461
1,2024-10-22 05:56:00,1.928764,-1.286066,1.857803
1,2024-10-22 05:57:00,1.714421,-1.67334,1.921964
1,2024-10-22 05:58:00,1.691592,-1.733164,1.717851
1,2024-10-22 05:59:00,1.799688,-2.058855,1.553449
1,2024-10-22 06:00:00,1.628481,-2.080148,1.166652
1,2024-10-22 06:01:00,0.752809,-1.464175,0.533768
1,2024-10-22 06:02:00,-0.191219,-1.286007,-0.045621
1,2024-10-22 06:03:00,-1.22095,-1.156663,-0.595636
1,2024-10-22 06:04:00,-2.035192,-1.052381,-0.926197
1,2024-10-22 06:05:00,-2.229215,-1.024095,-1.171143
1,2024-10-22 06:06:00,-0.781791,0.004614,-1.007459
1,2024-10-22 06:07:00,0.123578,-0.364733,-0.803041
1,2024-10-22 06:08:00,0.984239,-1.405747,0.374008
1,2024-10-22 06:09:00,0.824144,-2.117587,1.103398
1,2024-10-22 06:10:00,0.418163,-1.889734,1.217774
1,2024-10-22 06:11:00,-0.035009,-0.289138,0.142199
1,2024-10-22 06:12:00,-0.76927,0.233169,-1.43068
1,2024-10-22 06:13:00,-0.42354,0.898875,0.421042
1,2024-10-22 06:14:00,-1.42845,1.028822,0.763165
1,2024-10-22 06:15:00,-1.700026,1.058623,0.206822
1,2024-10-22 06:16:00,-2.028754,2.882318,-0.558385
1,2024-10-22 06:17:00,-4.646814,3.305575,-1.83558
1,2024-10-22 06:18:00,-5.430792,3.814126,-2.324544
1,2024-10-22 06:19:00,-4.196443,2.932679,-2.479299
1,2024-10-22 06:20:00,-1.544273,2.933242,-1.723701
1,2024-10-22 06:21:00,-1.406308,1.521631,-1.546808
1,2024-10-22 06:22:00,-2.083148,0.819524,-1.204532
1,2024-10-22 06:23:00,-1.834436,0.481701,-0.85519
1,2024-10-22 06:24:00,-0.762921,-1.072014,-0.582932
1,2024-10-22 06:25:00,-0.406523,-2.234455,-0.569339
1,2024-10-22 06:26:00,-0.644345,-1.462523,-0.531397
1,2024-10-22 06:27:00,-1.275761,-0.41021,-0.471994
1,2024-10-22 06:28:00,-1.154804,0.03513,-0.590292
1,2024-10-22 06:29:00,-0.708268,-0.110094,-0.624375
1,2024-10-22 06:30:00,-0.676854,-0.554122,-0.69943
1,2024-10-22 06:31:00,-0.563807,-0.907759,-0.806078
1,2024-10-22 06:32:00,-0.786496,-0.654316,-0.856028
1,2024-10-22 06:33:00,-0.744186,-0.511554,-0.630521
1,2024-10-22 06:34:00,-0.52954,-0.340237,-0.502123
1,2024-10-22 06:35:00,-0.313625,0.620315,-0.341612
1,2024-10-22 06:36:00,0.002435,0.833773,-0.183717
1,2024-10-22 06:37:00,0.188657,-0.069783,-0.028503
1,2024-10-22 06:38:00,0.534319,0.016119,0.300677
1,2024-10-22 06:39:00,1.406966,0.792756,0.862321
1,2024-10-22 06:40:00,2.11872,0.694184,1.451737
1,2024-10-22 06:41:00,2.606646,0.612391,1.769307
1,2024-10-22 06:42:00,3.04264,0.910707,1.914043
1,2024-10-22 06:43:00,2.16646,0.672558,1.490554
1,2024-10-22 06:44:00,2.134595,1.430024,1.504316
1,2024-10-22 06:45:00,1.804659,1.526312,1.420703
1,2024-10-22 06:46:00,1.607872,0.826524,1.300584
1,2024-10-22 06:47:00,2.14357,-0.451071,1.185254
1,2024-10-22 06:48:00,2.435198,-0.599018,1.433172
1,2024-10-22 06:49:00,2.135024,0.022265,1.902433
1,2024-10-22 06:50:00,1.959788,-0.208554,1.967734
1,2024-10-22 06:51:00,1.850014,-0.773257,2.089469
1,2024-10-22 06:52:00,1.728096,-1.721197,2.156061
1,2024-10-22 06:53:00,1.991727,-2.27458,2.053926
1,2024-10-22 06:54:00,2.073978,-2.258969,1.80879
1,2024-10-22 06:55:00,1.712282,-2.139117,1.454665
1,2024-10-22 06:56:00,1.162976,-1.766167,0.840395
1,2024-10-22 06:57:00,0.556937,-1.320088,0.10279
1,2024-10-22 06:58:00,-0.12545,-1.044992,-0.434304
1,2024-10-22 06:59:00,-0.995445,-0.784902,-0.785749
1,2024-10-22 07:00:00,-1.835984,-0.900665,-0.944228
1,2024-10-22 07:01:00,-2.152504,-1.069969,-0.954768
1,2024-10-22 07:02:00,-1.292637,-0.729449,-1.075248
1,2024-10-22 07:03:00,-0.185884,-0.416766,-0.842523
1,2024-10-22 07:04:00,0.795413,-0.864186,0.437157
1,2024-10-22 07:05:00,0.490129,-1.376135,1.387466
1,2024-10-22 07:06:00,0.015469,-1.521763,1.453772
1,2024-10-22 07:07:00,-0.656416,-0.335995,0.676303
1,2024-10-22 07:08:00,-1.464972,0.301177,-1.58411
1,2024-10-22 07:09:00,-1.842564,0.960388,-0.942386
1,2024-10-22 07:10:00,-0.46093,1.126343,1.376548
1,2024-10-22 07:11:00,-0.620117,0.02029,0.7904
1,2024-10-22 07:12:00,-0.781306,0.977985,-0.137034
1,2024-10-22 07:13:00,-2.936745,2.362335,-1.070398
1,2024-10-22 07:14:00,-5.085902,3.790058,-1.933271
1,2024-10-22 07:15:00,-5.166314,4.291295,-2.534816
1,2024-10-22 07:16:00,-3.77822,4.050152,-2.30903
1,2024-10-22 07:17:00,-2.429787,1.74525,-1.968714
1,2024-10-22 07:18:00,-2.094373,0.280078,-1.622662
1,2024-10-22 07:19:00,-0.645514,-0.887982,-0.885722
1,2024-10-22 07:20:00,0.01923,-2.506323,-0.616223
1,2024-10-22 07:21:00,-0.467367,-2.562965,-0.415519
1,2024-10-22 07:22:00,-1.114676,-0.903823,-0.248046
1,2024-10-22 07:23:00,-1.269699,0.467651,-0.229522
1,2024-10-22 07:24:00,-0.797072,0.583667,-0.348147
1,2024-10-22 07:25:00,-0.675159,0.184672,-0.574315
1,2024-10-22 07:26:00,-0.81247,-0.151858,-0.745758
1,2024-10-22 07:27:00,-0.983686,-0.411667,-0.892968
1,2024-10-22 07:28:00,-0.902041,-0.672348,-1.041615
1,2024-10-22 07:29:00,-0.693777,-0.281364,-0.696693
1,2024-10-22 07:30:00,-0.687252,0.538662,-0.377232
1,2024-10-22 07:31:00,-0.327422,0.836872,-0.140092
1,2024-10-22 07:32:00,-0.038968,0.387745,0.037687
1,2024-10-22 07:33:00,0.131531,0.253394,0.187533
1,2024-10-22 07:34:00,0.841363,0.573788,0.434567
1,2024-10-22 07:35:00,1.741455,0.348807,0.771223
1,2024-10-22 07:36:00,2.256595,0.285657,1.463905
1,2024-10-22 07:37:00,2.385546,0.4941,1.705957
1,2024-10-22 07:38:00,3.141931,1.434235,1.708968
1,2024-10-22 07:39:00,2.505215,1.559498,1.305913
1,2024-10-22 07:40:00,2.10067,2.29886,1.374779
1,2024-10-22 07:41:00,1.397339,2.127074,1.254718
1,2024-10-22 07:42:00,1.699831,0.9536,1.144035
1,2024-10-22 07:43:00,2.981127,-0.263065,1.128907
1,2024-10-22 07:44:00,3.037114,-0.300892,1.215872
1,2024-10-22 07:45:00,2.621146,-0.04247,1.685858
1,2024-10-22 07:46:00,2.104089,0.345765,1.749046
1,2024-10-22 07:47:00,1.397153,-0.279091,1.979918
1,2024-10-22 07:48:00,1.491707,-0.718814,2.105056
1,2024-10-22 07:49:00,1.943726,-1.472722,1.903012
1,2024-10-22 07:50:00,2.411749,-2.248967,1.678677
1,2024-10-22 07:51:00,2.184732,-2.55248,1.320694
1,2024-10-22 07:52:00,1.253758,-2.1387,0.68341
1,2024-10-22 07:53:00,0.354905,-1.648537,0.097527
1,2024-10-22 07:54:00,-0.545659,-1.463343,-0.412133
1,2024-10-22 07:55:00,-1.643111,-1.256762,-0.771509
1,2024-10-22 07:56:00,-2.171257,-0.905046,-0.889949
1,2024-10-22 07:57:00,-1.214412,0.165854,-0.728677
1,2024-10-22 07:58:00,-0.403533,-0.145458,-0.569858
1,2024-10-22 07:59:00,0.458982,-1.169969,0.208736
1,2024-10-22 08:00:00,0.654198,-1.827947,0.74719
1,2024-10-22 08:01:00,0.178493,-1.710532,0.834515
1,2024-10-22 08:02:00,0.03955,-0.830073,0.819598
1,2024-10-22 08:03:00,-0.848818,0.633236,-0.178724
1,2024-10-22 08:04:00,-1.272177,1.33585,-2.621332
1,2024-10-22 08:05:00,-0.728476,0.764081,-0.236803
1,2024-10-22 08:06:00,-0.014631,0.274171,0.446063
1,2024-10-22 08:07:00,-1.193256,0.215703,-0.160299
1,2024-10-22 08:08:00,-3.209003,1.884916,-0.790746
1,2024-10-22 08:09:00,-4.996146,3.303305,-1.498322
1,2024-10-22 08:10:00,-5.034638,4.350029,-1.620642
1,2024-10-22 08:11:00,-4.184506,3.426402,-1.550495
1,2024-10-22 08:12:00,-2.492972,2.610817,-1.522679
1,2024-10-22 08:13:00,-1.894137,0.977954,-1.560201
1,2024-10-22 08:14:00,-1.364556,-0.368957,-0.854022
1,2024-10-22 08:15:00,-1.269137,-0.763239,-0.638138
1,2024-10-22 08:16:00,-1.406505,-0.706188,-0.400957
1,2024-10-22 08:17:00,-1.283672,-0.599327,-0.324392
1,2024-10-22 08:18:00,-1.162499,-0.537661,-0.399469
1,2024-10-22 08:19:00,-1.031062,0.045295,-0.575554
1,2024-10-22 08:20:00,-0.957778,0.581286,-0.678278
1,2024-10-22 08:21:00,-1.014784,0.710405,-0.684183
1,2024-10-22 08:22:00,-1.079443,0.02062,-0.75639
1,2024-10-22 08:23:00,-0.942828,-0.650035,-0.725734
1,2024-10-22 08:24:00,-0.759901,-0.401959,-0.584837
1,2024-10-22 08:25:00,-0.640137,0.121895,-0.357141
1,2024-10-22 08:26:00,-0.365153,0.365679,-0.288234
1,2024-10-22 08:27:00,-0.107202,0.095296,-0.028645
1,2024-10-22 08:28:00,-0.04937,-0.151705,0.151537
1,2024-10-22 08:29:00,0.303001,0.06166,0.30114
1,2024-10-22 08:30:00,0.990751,0.320879,0.41457
1,2024-10-22 08:31:00,1.921611,0.346988,0.803462
1,2024-10-22 08:32:00,2.306818,0.711859,1.39748
1,2024-10-22 08:33:00,2.969656,1.479895,1.628657
1,2024-10-22 08:34:00,2.316367,0.824245,1.522385
1,2024-10-22 08:35:00,2.139768,1.258932,1.129625
1,2024-10-22 08:36:00,1.768209,2.196292,0.939958
1,2024-10-22 08:37:00,1.339595,1.813099,0.968433
1,2024-10-22 08:38:00,1.632238,0.54618,1.057559
1,2024-10-22 08:39:00,2.366702,0.168759,1.298182
1,2024-10-22 08:40:00,2.075031,0.675286,1.420477
1,2024-10-22 08:41:00,1.813308,0.531708,1.58868
1,2024-10-22 08:42:00,1.912893,0.086393,1.775817
1,2024-10-22 08:43:00,1.79868,-0.970536,1.918447
1,2024-10-22 08:44:00,1.874541,-1.708831,1.86758
1,2024-10-22 08:45:00,2.300718,-1.84144,1.627173
1,2024-10-22 08:46:00,2.50526,-1.89876,1.399007
1,2024-10-22 08:47:00,2.019456,-2.057723,1.080692
1,2024-10-22 08:48:00,1.146904,-1.776893,0.606356
1,2024-10-22 08:49:00,0.185657,-1.358168,-0.175356
1,2024-10-22 08:50:00,-0.666295,-1.172604,-0.819273
1,2024-10-22 08:51:00,-1.548053,-1.372756,-1.149915
1,2024-10-22 08:52:00,-2.220881,-1.550343,-1.177888
1,2024-10-22 08:53:00,-0.944651,-0.500367,-1.122249
1,2024-10-22 08:54:00,0.266158,-0.446424,-1.27623
1,2024-10-22 08:55:00,1.030143,-1.515166,0.258033
1,2024-10-22 08:56:00,1.305216,-2.556149,1.402149
1,2024-10-22 08:57:00,1.390783,-2.006763,1.66803
1,2024-10-22 08:58:00,0.360805,-0.51384,1.111993
1,2024-10-22 08:59:00,-1.050073,0.722969,-1.130962
1,2024-10-22 09:00:00,-0.716894,2.260217,-0.368963
1,2024-10-22 09:01:00,-0.067681,1.148559,0.542849
1,2024-10-22 09:02:00,-0.84819,0.941486,-0.009268
1,2024-10-22 09:03:00,-3.168275,1.883879,-0.833189
1,2024-10-22 09:04:00,-5.273572,2.934164,-1.385487
1,2024-10-22 09:05:00,-5.082936,3.790899,-1.87984
1,2024-10-22 09:06:00,-4.114841,3.498482,-1.787246
1,2024-10-22 09:07:00,-2.39438,3.256799,-1.448043
1,2024-10-22 09:08:00,-2.160181,1.158793,-1.531313
1,2024-10-22 09:09:00,-1.346976,-0.120397,-0.956767
1,2024-10-22 09:10:00,-0.667889,-1.126385,-0.654837
1,2024-10-22 09:11:00,-0.967885,-1.355651,-0.603228
1,2024-10-22 09:12:00,-1.236932,-0.869165,-0.550183
1,2024-10-22 09:13:00,-1.225403,-0.57571,-0.686143
1,2024-10-22 09:14:00,-1.236017,-0.465388,-0.826295
1,2024-10-22 09:15:00,-1.064207,-0.312212,-0.919295
1,2024-10-22 09:16:00,-0.90172,-0.004909,-0.919622
1,2024-10-22 09:17:00,-1.124486,0.279234,-0.921542
1,2024-10-22 09:18:00,-1.28066,0.24546,-0.864906
1,2024-10-22 09:19:00,-0.99323,-0.270469,-0.763961
1,2024-10-22 09:20:00,-0.726426,-0.408083,-0.680736
1,2024-10-22 09:21:00,-0.521723,0.222161,-0.492106
1,2024-10-22 09:22:00,-0.283947,0.53845,-0.141542
1,2024-10-22 09:23:00,-0.156939,0.087452,0.110955
1,2024-10-22 09:24:00,0.080046,0.03487,0.26757
1,2024-10-22 09:25:00,0.668918,0.305349,0.315134
1,2024-10-22 09:26:00,1.488705,0.136514,0.533652
1,2024-10-22 09:27:00,2.208996,-0.115822,1.206646
1,2024-10-22 09:28:00,2.702533,0.840898,1.551766
1,2024-10-22 09:29:00,3.502432,1.601478,1.66427
1,2024-10-22 09:30:00,2.489141,1.447023,1.208736
1,2024-10-22 09:31:00,2.254039,2.51432,1.17368
1,2024-10-22 09:32:00,1.649034,2.687063,1.123299
1,2024-10-22 09:33:00,1.016322,0.333711,0.912524
1,2024-10-22 09:34:00,2.51549,-0.122878,1.373302
1,2024-10-22 09:35:00,2.613484,0.069741,1.603407
1,2024-10-22 09:36:00,2.221035,-0.550169,1.657008
1,2024-10-22 09:37:00,2.134996,-0.586559,1.773958
1,2024-10-22 09:38:00,1.871856,-1.237386,1.987667
1,2024-10-22 09:39:00,1.793949,-1.871289,2.071256
1,2024-10-22 09:40:00,2.015597,-2.053727,1.948056
1,2024-10-22 09:41:00,2.121598,-2.049622,1.629393
1,2024-10-22 09:42:00,1.751948,-2.131658,1.419681
1,2024-10-22 09:43:00,1.151862,-1.788807,0.917258
1,2024-10-22 09:44:00,0.4528,-1.38715,0.180129
1,2024-10-22 09:45:00,-0.233333,-1.095659,-0.457425
1,2024-10-22 09:46:00,-1.053029,-1.129394,-0.90001
1,2024-10-22 09:47:00,-1.953403,-1.30975,-1.103689
1,2024-10-22 09:48:00,-2.135546,-1.490177,-1.113276
1,2024-10-22 09:49:00,-0.737499,-1.370626,-1.319445
1,2024-10-22 09:50:00,0.458859,-1.116513,-0.903353
1,2024-10-22 09:51:00,1.319344,-1.424639,0.811139
1,2024-10-22 09:52:00,0.963534,-1.957974,1.825217
1,2024-10-22 09:53:00,0.837169,-1.629263,1.78332
1,2024-10-22 09:54:00,-0.519323,-0.188408,0.945195
1,2024-10-22 09:55:00,-1.26999,0.496555,-1.328761
1,2024-10-22 09:56:00,-1.023656,1.402535,-0.867798
1,2024-10-22 09:57:00,0.329435,1.022298,0.604537
1,2024-10-22 09:58:00,-0.736711,0.478233,0.124564
1,2024-10-22 09:59:00,-3.268744,1.302963,-0.661162
1,2024-10-22 10:00:00,-0.030786,0.039502,0.005075
1,2024-10-22 10:01:00,-0.027619,0.040522,0.013642
1,2024-10-22 10:02:00,-0.012706,0.039387,0.018021
1,2024-10-22 10:03:00,0.005421,0.041437,0.022417
1,2024-10-22 10:04:00,0.021414,0.042434,0.025733
1,2024-10-22 10:05:00,0.040617,0.041306,0.0248
1,2024-10-22 10:06:00,0.045942,0.040217,0.025907
1,2024-10-22 10:07:00,0.040617,0.041306,0.0248
1,2024-10-22 10:08:00,0.036331,0.043426,0.031177
1,2024-10-22 10:09:00,0.025725,0.046701,0.020416
1,2024-10-22 10:10:00,0.020433,0.047819,0.011832
1,2024-10-22 10:11:00,0.01086,0.048939,0.006422
1,2024-10-22 10:12:00,0.004464,0.050027,0.006376
1,2024-10-22 10:13:00,-0.007291,0.045807,0.0063
1,2024-10-22 10:14:00,-0.013711,0.041568,0.00626
1,2024-10-22 10:15:00,-0.008382,0.040484,0.006299
1,2024-10-22 10:16:00,-0.005152,0.04156,0.000979
1,2024-10-22 10:17:00,-0.000813,0.05328,-0.003279
1,2024-10-22 10:18:00,0.004469,0.047909,0.003174
1,2024-10-22 10:19:00,0.005488,0.043619,0.009596
1,2024-10-22 10:20:00,0.001201,0.039373,0.009572
1,2024-10-22 10:21:00,0.00012,0.041486,0.014903
1,2024-10-22 10:22:00,0.004416,0.046801,0.013858
1,2024-10-22 10:23:00,0.008693,0.045734,0.010684
1,2024-10-22 10:24:00,0.010832,0.043609,0.007497
1,2024-10-22 10:25:00,0.010851,0.042565,0.002158
1,2024-10-22 10:26:00,0.003359,0.036204,0.001045
1,2024-10-22 10:27:00,-0.004104,0.033051,-0.003276
1,2024-10-22 10:28:00,-0.009415,0.034152,-0.007587
1,2024-10-22 10:29:00,-0.013658,0.03631,-0.010824
1,2024-10-22 10:30:00,-0.016849,0.03633,-0.012983
1,2024-10-22 10:31:00,-0.019002,0.03632,-0.008725
1,2024-10-22 10:32:00,-0.021145,0.03738,-0.005537
1,2024-10-22 10:33:00,-0.023265,0.040583,-0.005556
1,2024-10-22 10:34:00,-0.016883,0.0363,-0.005506
1,2024-10-22 10:35:00,-0.006224,0.037315,-0.002228
1,2024-10-22 10:36:00,0.003368,0.042578,0.00531
1,2024-10-22 10:37:00,0.009736,0.040404,0.010698
1,2024-10-22 10:38:00,0.016132,0.039316,0.010745
1,2024-10-22 10:39:00,0.015066,0.037198,0.008603
1,2024-10-22 10:40:00,0.01507,0.037202,0.007535
1,2024-10-22 10:41:00,0.013999,0.037202,0.008596
1,2024-10-22 10:42:00,0.006545,0.039363,0.007473
1,2024-10-22 10:43:00,0.000149,0.037267,0.004226
1,2024-10-22 10:44:00,-0.005181,0.03729,0.003121
1,2024-10-22 10:45:00,-0.004133,0.035147,0.005267
1,2024-10-22 10:46:00,-0.005214,0.035138,0.008464
1,2024-10-22 10:47:00,-0.003038,0.040474,0.0042
1,2024-10-22 10:48:00,0.005449,0.035097,0.009607
1,2024-10-22 10:49:00,0.006463,0.02868,0.014964
1,2024-10-22 10:50:00,0.007516,0.026542,0.016042
1,2024-10-22 10:51:00,0.009683,0.031869,0.013914
1,2024-10-22 10:52:00,0.013984,0.037189,0.0118
1,2024-10-22 10:53:00,0.016152,0.040394,0.007539
1,2024-10-22 10:54:00,0.017242,0.037229,-0.000995
1,2024-10-22 10:55:00,0.012999,0.037265,-0.006366
1,2024-10-22 10:56:00,0.006598,0.033043,-0.010678
1,2024-10-22 10:57:00,-0.003004,0.028833,-0.015013
1,2024-10-22 10:58:00,-0.01473,0.029944,-0.016165
1,2024-10-22 10:59:00,-0.021102,0.034235,-0.018351
1,2024-10-22 11:00:00,-0.020035,0.035293,-0.017277
1,2024-10-22 11:01:00,-0.017897,0.037412,-0.016196
1,2024-10-22 11:02:00,-0.016859,0.034199,-0.01298
1,2024-10-22 11:03:00,-0.011563,0.030964,-0.007598
1,2024-10-22 11:04:00,-0.006253,0.029863,-0.003287
1,2024-10-22 11:05:00,0.002249,0.027681,0.002117
1,2024-10-22 11:06:00,0.01075,0.024438,0.006453
1,2024-10-22 11:07:00,0.011798,0.022295,0.0086
1,2024-10-22 11:08:00,0.008602,0.024433,0.009643
1,2024-10-22 11:09:00,0.007583,0.029784,0.004288
1,2024-10-22 11:10:00,0.007665,0.036223,-0.00747
1,2024-10-22 11:11:00,0.002378,0.040528,-0.013922
1,2024-10-22 11:12:00,-0.005051,0.044832,-0.018253
1,2024-10-22 11:13:00,-0.013562,0.049127,-0.019386
1,2024-10-22 11:14:00,-0.018906,0.047015,-0.01942
1,2024-10-22 11:15:00,-0.016797,0.042743,-0.018332
1,2024-10-22 11:16:00,-0.014701,0.039518,-0.012972
1,2024-10-22 11:17:00,-0.005114,0.043716,-0.005433
1,2024-10-22 11:18:00,0.002239,0.030855,0.007454
1,2024-10-22 11:19:00,0.004311,0.023366,0.013887
1,2024-10-22 11:20:00,0.008568,0.020159,0.012853
1,2024-10-22 11:21:00,0.007535,0.028681,0.013903
1,2024-10-22 11:22:00,0.01396,0.035046,0.015008
1,2024-10-22 11:23:00,0.018199,0.031822,0.018246
1,2024-10-22 11:24:00,0.012869,0.030784,0.016074
1,2024-10-22 11:25:00,0.010784,0.032956,0.007511
1,2024-10-22 11:26:00,0.008684,0.036176,0.003219
1,2024-10-22 11:27:00,0.004445,0.040461,0.001047
1,2024-10-22 11:28:00,0.001244,0.040472,0.001025
1,2024-10-22 11:29:00,-0.000889,0.041541,0.002077
1,2024-10-22 11:30:00,-0.005181,0.03729,0.003121
1,2024-10-22 11:31:00,-0.004128,0.034091,0.003132
1,2024-10-22 11:32:00,-0.000937,0.034071,0.005291
1,2024-10-22 11:33:00,0.003311,0.032978,0.008527
1,2024-10-22 11:34:00,0.006492,0.031889,0.011755
1,2024-10-22 11:35:00,0.006487,0.032945,0.01389
1,2024-10-22 11:36:00,0.007554,0.034003,0.014964
1,2024-10-22 11:37:00,0.008631,0.03613,0.014969
1,2024-10-22 11:38:00,0.007602,0.038289,0.00855
1,2024-10-22 11:39:00,0.005502,0.039388,0.002124
1,2024-10-22 11:40:00,-0.000866,0.042623,-0.002197
1,2024-10-22 11:41:00,-0.006195,0.042646,-0.003303
1,2024-10-22 11:42:00,-0.007243,0.047972,-0.002249
1,2024-10-22 11:43:00,-0.005133,0.046882,0.002041
1,2024-10-22 11:44:00,-0.007286,0.048994,0.008432
1,2024-10-22 11:45:00,-0.00299,0.052188,0.005253
1,2024-10-22 11:46:00,0.008755,0.054277,0.005333
1,2024-10-22 11:47:00,0.011908,0.04998,0.01177
1,2024-10-22 11:48:00,0.00977,0.048922,0.011756
1,2024-10-22 11:49:00,0.011894,0.048906,0.013907
1,2024-10-22 11:50:00,0.016142,0.052057,0.02141
1,2024-10-22 11:51:00,0.013989,0.047803,0.021401
1,2024-10-22 11:52:00,0.009722,0.041452,0.01497
1,2024-10-22 11:53:00,0.01187,0.042518,0.012847
1,2024-10-22 11:54:00,0.00866,0.040399,0.012827
1,2024-10-22 11:55:00,0.003325,0.040418,0.01279
1,2024-10-22 11:56:00,-0.003052,0.040461,0.007404
1,2024-10-22 11:57:00,-0.003023,0.042609,0.003129
1,2024-10-22 11:58:00,-0.001932,0.043688,-0.001138
1,2024-10-22 11:59:00,-0.000866,0.045806,0.001003
1,2024-10-22 12:00:00,-0.004124,0.041522,0.009532
1,2024-10-22 12:01:00,-0.008453,0.036176,0.018054
1,2024-10-22 12:02:00,-0.005277,0.028717,0.01595
1,2024-10-22 12:03:00,-0.003138,0.022348,0.008495
1,2024-10-22 12:04:00,-0.003095,0.02663,0.003149
1,2024-10-22 12:05:00,-0.002004,0.027709,-0.001118
1,2024-10-22 12:06:00,-0.004114,0.034103,-7.2e-05
1,2024-10-22 12:07:00,-0.007324,0.033045,0.000975
1,2024-10-22 12:08:00,-0.006253,0.03729,0.004181
1,2024-10-22 12:09:00,-0.00731,0.042607,0.007372
1,2024-10-22 12:10:00,-0.006224,0.048986,0.009508
1,2024-10-22 12:11:00,-0.000866,0.054294,0.009538
1,2024-10-22 12:12:00,0.004517,0.057501,0.002094
1,2024-10-22 12:13:00,0.001374,0.066051,-0.002211
1,2024-10-22 12:14:00,-0.000683,0.071432,-0.013983
1,2024-10-22 12:15:00,-0.002793,0.075705,-0.015072
1,2024-10-22 12:16:00,-0.010362,0.068214,-0.00016
1,2024-10-22 12:17:00,-0.006152,0.067087,0.011622
1,2024-10-22 12:18:00,-0.002,0.047872,0.018084
1,2024-10-22 12:19:00,2.4e-05,0.027607,0.022397
1,2024-10-22 12:20:00,-1.4e-05,0.019085,0.022408
1,2024-10-22 12:21:00,0.005334,0.02014,0.020308
1,2024-10-22 12:22:00,0.016046,0.029691,0.02037
1,2024-10-22 12:23:00,0.022476,0.034999,0.01934
1,2024-10-22 12:24:00,0.021395,0.036051,0.023604
1,2024-10-22 12:25:00,0.013965,0.041416,0.020341
1,2024-10-22 12:26:00,0.007583,0.040394,0.014956
1,2024-10-22 12:27:00,0.006492,0.036133,0.016022
1,2024-10-22 12:28:00,0.001182,0.040417,0.014912
1,2024-10-22 12:29:00,-0.004052,0.049013,0.000977
1,2024-10-22 12:30:00,0.003498,0.058608,-0.007528
1,2024-10-22 12:31:00,0.002383,0.054325,-0.001121
1,2024-10-22 12:32:00,-0.000913,0.04258,0.008485
1,2024-10-22 12:33:00,-0.003138,0.028714,0.014896
1,2024-10-22 12:34:00,-0.004248,0.01913,0.014901
1,2024-10-22 12:35:00,-0.004205,0.020229,0.006354
1,2024-10-22 12:36:00,0.00444,0.038335,-1.8e-05
1,2024-10-22 12:37:00,0.015195,0.057472,3.2e-05
1,2024-10-22 12:38:00,0.007708,0.057481,0.004253
1,2024-10-22 12:39:00,-0.003057,0.041518,0.009539
1,2024-10-22 12:40:00,-0.002071,0.027649,0.013837
1,2024-10-22 12:41:00,-0.00533,0.020182,0.019165
1,2024-10-22 12:42:00,-0.002148,0.018032,0.021326
1,2024-10-22 12:43:00,0.00322,0.02547,0.021354
1,2024-10-22 12:44:00,0.009678,0.038231,0.021383
1,2024-10-22 12:45:00,0.011793,0.038206,0.025671
1,2024-10-22 12:46:00,0.011726,0.025415,0.027823
1,2024-10-22 12:47:00,0.014946,0.019054,0.017172
1,2024-10-22 12:48:00,0.006459,0.019127,0.00643
1,2024-10-22 12:49:00,-0.000913,0.029848,-0.004318
1,2024-10-22 12:50:00,-0.008305,0.037369,-0.013993
1,2024-10-22 12:51:00,-0.012548,0.038467,-0.018297
1,2024-10-22 12:52:00,-0.017887,0.039542,-0.016199
1,2024-10-22 12:53:00,-0.027494,0.040632,-0.014131
1,2024-10-22 12:54:00,-0.029642,0.037444,-0.014142
1,2024-10-22 12:55:00,-0.024336,0.029973,-0.015164
1,2024-10-22 12:56:00,-0.018993,0.029963,-0.017263
1,2024-10-22 12:57:00,-0.013677,0.029927,-0.012953
1,2024-10-22 12:58:00,-0.001976,0.029856,-0.005393
1,2024-10-22 12:59:00,0.008679,0.03405,0.002153
1,2024-10-22 13:00:00,0.016108,0.032929,0.009684
1,2024-10-22 13:01:00,0.016084,0.033969,0.016092
1,2024-10-22 13:02:00,0.016084,0.031847,0.013958
1,2024-10-22 13:03:00,0.025705,0.033952,0.011886
1,2024-10-22 13:04:00,0.030002,0.037146,0.008708
1,2024-10-22 13:05:00,0.027901,0.041427,0.005483
1,2024-10-22 13:06:00,0.022586,0.042524,0.00224
1,2024-10-22 13:07:00,0.022581,0.037214,-0.002026
1,2024-10-22 13:08:00,0.016171,0.038289,0.001132
1,2024-10-22 13:09:00,0.011903,0.039365,0.002169
1,2024-10-22 13:10:00,0.012989,0.039379,-0.002096
1,2024-10-22 13:11:00,0.004454,0.036225,-0.005356
1,2024-10-22 13:12:00,-0.001923,0.041574,-0.005408
1,2024-10-22 13:13:00,0.000249,0.049028,-0.00647
1,2024-10-22 13:14:00,-0.00088,0.039427,-0.002193
1,2024-10-22 13:15:00,-0.005181,0.033046,-0.001147
1,2024-10-22 13:16:00,-0.0052,0.030907,0.000992
1,2024-10-22 13:17:00,-0.006253,0.035168,0.002048
1,2024-10-22 13:18:00,-0.001976,0.0341,-0.001126
1,2024-10-22 13:19:00,0.002306,0.033037,-0.005367
1,2024-10-22 13:20:00,0.005512,0.03303,-0.006413
1,2024-10-22 13:21:00,0.004464,0.038356,-0.005359
1,2024-10-22 13:22:00,0.002335,0.04049,-0.004308
1,2024-10-22 13:23:00,-0.000889,0.038358,-0.001124
1,2024-10-22 13:24:00,-0.001985,0.033031,-5.6e-05
1,2024-10-22 13:25:00,-0.003057,0.03303,0.001005
1,2024-10-22 13:26:00,-0.000918,0.034088,0.001018
1,2024-10-22 13:27:00,0.000139,0.030893,-3.9e-05
1,2024-10-22 13:28:00,0.002282,0.031955,-0.001093
1,2024-10-22 13:29:00,-0.00199,0.030904,-0.001122
1,2024-10-22 13:30:00,-0.007324,0.034106,0.002042
1,2024-10-22 13:31:00,-0.006257,0.034102,0.002049
1,2024-10-22 13:32:00,-0.004143,0.031956,0.004203
1,2024-10-22 13:33:00,0.000115,0.030871,0.005302
1,2024-10-22 13:34:00,0.001196,0.034063,0.005306
1,2024-10-22 13:35:00,0.006535,0.036171,0.006409
1,2024-10-22 13:36:00,0.010803,0.035095,0.005372
1,2024-10-22 13:37:00,0.011865,0.032965,0.004314
1,2024-10-22 13:38:00,0.010784,0.031895,0.006444
1,2024-10-22 13:39:00,0.00334,0.037248,0.006385
1,2024-10-22 13:40:00,0.00443,0.041509,0.005319
1,2024-10-22 13:41:00,9.1e-05,0.031911,0.01171
1,2024-10-22 13:42:00,-0.00632,0.029803,0.011668
1,2024-10-22 13:43:00,-0.00631,0.02875,0.008465
1,2024-10-22 13:44:00,-0.006296,0.031946,0.008461
1,2024-10-22 13:45:00,0.002258,0.035116,0.007448
1,2024-10-22 13:46:00,0.00654,0.036175,0.00534
1,2024-10-22 13:47:00,0.005493,0.037257,0.002127
1,2024-10-22 13:48:00,0.008688,0.037242,0.003218
1,2024-10-22 13:49:00,0.008693,0.039368,0.004283
1,2024-10-22 13:50:00,0.004421,0.039379,0.005322
1,2024-10-22 13:51:00,0.000153,0.040454,0.006359
1,2024-10-22 13:52:00,0.000144,0.037263,0.005294
1,2024-10-22 13:53:00,0.000139,0.035137,0.004229
1,2024-10-22 13:54:00,0.000153,0.038332,0.004225
1,2024-10-22 13:55:00,0.000149,0.038328,0.005293
1,2024-10-22 13:56:00,0.001215,0.038324,0.0053
1,2024-10-22 13:57:00,0.000149,0.038328,0.005293
1,2024-10-22 13:58:00,0.000187,0.041545,-5.2e-05
1,2024-10-22 13:59:00,0.003426,0.045812,-0.004308
1,2024-10-22 14:00:00,0.005593,0.052201,-0.005369
1,2024-10-22 14:01:00,0.00666,0.053258,-0.004295
1,2024-10-22 14:02:00,0.005564,0.050053,-0.001093
1,2024-10-22 14:03:00,0.004464,0.043661,-2.5e-05
1,2024-10-22 14:04:00,0.003344,0.03513,0.003183
1,2024-10-22 14:05:00,0.000144,0.037263,0.005294
1,2024-10-22 14:06:00,0.001239,0.04259,0.004227
1,2024-10-22 14:07:00,0.007665,0.045772,0.002131
1,2024-10-22 14:08:00,0.004378,0.031913,0.007467
1,2024-10-22 14:09:00,0.00011,0.031928,0.007437
1,2024-10-22 14:10:00,-0.002019,0.034062,0.008488
1,2024-10-22 14:11:00,0.000129,0.035128,0.006365
1,2024-10-22 14:12:00,0.00333,0.032995,0.004254
1,2024-10-22 14:13:00,0.006535,0.034049,0.004275
1,2024-10-22 14:14:00,0.00334,0.037248,0.006385
1,2024-10-22 14:15:00,0.002273,0.038312,0.007444
1,2024-10-22 14:16:00,0.001206,0.036194,0.005303
1,2024-10-22 14:17:00,0.000158,0.037276,0.00209
1,2024-10-22 14:18:00,0.001239,0.040468,0.002093
1,2024-10-22 14:19:00,0.002306,0.040464,0.002101
1,2024-10-22 14:20:00,0.003378,0.039404,-2.7e-05
1,2024-10-22 14:21:00,0.002297,0.038334,0.002103
1,2024-10-22 14:22:00,0.00123,0.038337,0.002096
1,2024-10-22 14:23:00,-0.001971,0.038348,0.002074
1,2024-10-22 14:24:00,0.000153,0.03621,0.002091
1,2024-10-22 14:25:00,0.000163,0.039402,0.003155
1,2024-10-22 14:26:00,0.002306,0.041525,0.003168
1,2024-10-22 14:27:00,0.000182,0.041541,0.001016
1,2024-10-22 14:28:00,0.002325,0.042603,-3.8e-05
1,2024-10-22 14:29:00,0.000173,0.039411,0.001019
1,2024-10-22 14:30:00,-0.003052,0.035156,0.00207
1,2024-10-22 14:31:00,-0.002,0.03514,0.005282
1,2024-10-22 14:32:00,-0.005157,0.044738,0.005248
1,2024-10-22 14:33:00,0.004498,0.054301,0.003166
1,2024-10-22 14:34:00,0.011875,0.042523,0.011779
1,2024-10-22 14:35:00,0.011827,0.036114,0.01606
1,2024-10-22 14:36:00,0.00755,0.032937,0.014966
1,2024-10-22 14:37:00,0.009688,0.035056,0.016046
1,2024-10-22 14:38:00,0.016104,0.040352,0.018221
1,2024-10-22 14:39:00,0.01719,0.043548,0.017156
1,2024-10-22 14:40:00,0.017209,0.044626,0.01395
1,2024-10-22 14:41:00,0.014013,0.044642,0.012859
1,2024-10-22 14:42:00,0.009746,0.042534,0.010696
1,2024-10-22 14:43:00,0.004426,0.041505,0.006387
1,2024-10-22 14:44:00,0.002297,0.043639,0.007438
1,2024-10-22 14:45:00,0.001239,0.044712,0.006361
1,2024-10-22 14:46:00,-0.000904,0.042589,0.006348
1,2024-10-22 14:47:00,-0.001961,0.04154,0.003138
1,2024-10-22 14:48:00,0.001244,0.041533,0.002092
1,2024-10-22 14:49:00,0.000173,0.040472,0.002086
1,2024-10-22 14:50:00,0.001239,0.040468,0.002093
1,2024-10-22 14:51:00,0.001225,0.038333,0.003164
1,2024-10-22 14:52:00,-0.000913,0.037275,0.003151
1,2024-10-22 14:53:00,0.002297,0.038334,0.002103
1,2024-10-22 14:54:00,0.002292,0.038329,0.003172
1,2024-10-22 14:55:00,0.000163,0.039402,0.003155
1,2024-10-22 14:56:00,0.001225,0.039394,0.004231
1,2024-10-22 14:57:00,-0.001971,0.038348,0.002074
1,2024-10-22 14:58:00,-0.005157,0.040494,0.00098
1,2024-10-22 14:59:00,0.002325,0.043664,0.001029
1,2024-10-22 15:00:00,0.001177,0.034046,0.009579
1,2024-10-22 15:01:00,0.001182,0.035112,0.009577
1,2024-10-22 15:02:00,0.000125,0.036185,0.0085
1,2024-10-22 15:03:00,0.004402,0.03724,0.007461
1,2024-10-22 15:04:00,0.007617,0.037241,0.004278
1,2024-10-22 15:05:00,0.007626,0.03725,0.002142
1,2024-10-22 15:06:00,0.004421,0.037257,0.003188
1,2024-10-22 15:07:00,0.00334,0.036187,0.005318
1,2024-10-22 15:08:00,-0.003052,0.037278,0.004204
1,2024-10-22 15:09:00,-0.005162,0.038368,-8.5e-05
1,2024-10-22 15:10:00,-0.004085,0.040495,-8e-05
1,2024-10-22 15:11:00,-0.008348,0.040514,-0.001178
1,2024-10-22 15:12:00,-0.00942,0.037331,-0.003318
1,2024-10-22 15:13:00,-0.00942,0.035209,-0.005452
1,2024-10-22 15:14:00,-0.007276,0.036271,-0.006507
1,2024-10-22 15:15:00,-0.004085,0.037312,-0.003281
1,2024-10-22 15:16:00,-0.000894,0.040475,0.002078
1,2024-10-22 15:17:00,0.000163,0.041524,0.005289
1,2024-10-22 15:18:00,0.006535,0.039354,0.009609
1,2024-10-22 15:19:00,0.008664,0.040403,0.011759
1,2024-10-22 15:20:00,0.010793,0.040392,0.012842
1,2024-10-22 15:21:00,0.011865,0.041453,0.012848
1,2024-10-22 15:22:00,0.012932,0.039327,0.010722
1,2024-10-22 15:23:00,0.002278,0.040439,0.00851
1,2024-10-22 15:24:00,-0.00088,0.04261,0.001007
1,2024-10-22 15:25:00,0.000144,0.036202,0.004228
1,2024-10-22 15:26:00,-0.002038,0.029801,0.008493
1,2024-10-22 15:27:00,-0.006286,0.030894,0.005258
1,2024-10-22 15:28:00,-0.006277,0.035146,0.007389
1,2024-10-22 15:29:00,-0.000928,0.036201,0.005288
1,2024-10-22 15:30:00,0.005478,0.036183,0.004265
1,2024-10-22 15:31:00,0.009746,0.035107,0.003228
1,2024-10-22 15:32:00,0.009741,0.037225,0.00643
1,2024-10-22 15:33:00,0.008684,0.039359,0.00642
1,2024-10-22 15:34:00,0.004402,0.038301,0.008527
1,2024-10-22 15:35:00,0.00122,0.03939,0.005299
1,2024-10-22 15:36:00,0.000134,0.036193,0.006364
1,2024-10-22 15:37:00,-0.001995,0.035144,0.004214
1,2024-10-22 15:38:00,-0.005171,0.03836,0.002051
1,2024-10-22 15:39:00,-0.004095,0.037303,-0.001145
1,2024-10-22 15:40:00,-0.004085,0.039434,-0.001147
1,2024-10-22 15:41:00,0.000158,0.035154,-4.4e-05
1,2024-10-22 15:42:00,0.001215,0.036202,0.003167
1,2024-10-22 15:43:00,0.002278,0.036194,0.004242
1,2024-10-22 15:44:00,0.004406,0.037244,0.006392
1,2024-10-22 15:45:00,0.004411,0.037248,0.005324
1,2024-10-22 15:46:00,0.003349,0.038317,0.005315
1,2024-10-22 15:47:00,0.004416,0.039374,0.00639
1,2024-10-22 15:48:00,0.003349,0.038317,0.005315
1,2024-10-22 15:49:00,-0.003014,0.045801,0.004193
1,2024-10-22 15:50:00,0.001273,0.045803,-5e-05
1,2024-10-22 15:51:00,0.004406,0.036183,0.005326
1,2024-10-22 15:52:00,0.000125,0.034063,0.006367
1,2024-10-22 15:53:00,-0.002,0.036201,0.006349
1,2024-10-22 15:54:00,0.000153,0.040454,0.006359
1,2024-10-22 15:55:00,0.005473,0.036179,0.005333
1,2024-10-22 15:56:00,0.006555,0.037249,0.003203
1,2024-10-22 15:57:00,0.005493,0.038318,0.003194
1,2024-10-22 15:58:00,0.00655,0.037245,0.004271
1,2024-10-22 15:59:00,0.00334,0.037248,0.006385
1,2024-10-22 16:00:00,0.002278,0.038316,0.006376
1,2024-10-22 16:01:00,0.001201,0.03619,0.006371
1,2024-10-22 16:02:00,0.000139,0.034076,0.003162
1,2024-10-22 16:03:00,-0.001995,0.031961,0.001013
1,2024-10-22 16:04:00,-0.001976,0.0341,-0.001126
1,2024-10-22 16:05:00,-0.000904,0.035162,-0.00112
1,2024-10-22 16:06:00,-0.003033,0.037295,-6.9e-05
1,2024-10-22 16:07:00,-0.001966,0.038353,0.001005
1,2024-10-22 16:08:00,-0.001976,0.037283,0.002075
1,2024-10-22 16:09:00,0.002282,0.03726,0.004241
1,2024-10-22 16:10:00,0.002292,0.03939,0.004238
1,2024-10-22 16:11:00,0.003359,0.039387,0.004246
1,2024-10-22 16:12:00,0.003349,0.038317,0.005315
1,2024-10-22 16:13:00,0.00444,0.040457,0.002116
1,2024-10-22 16:14:00,0.000158,0.038337,0.003157
1,2024-10-22 16:15:00,-0.000889,0.043663,0.004211
1,2024-10-22 16:16:00,0.003402,0.045791,0.001033
1,2024-10-22 16:17:00,0.001187,0.034055,0.007442
1,2024-10-22 16:18:00,-0.003076,0.035135,0.007411
1,2024-10-22 16:19:00,-0.000942,0.035128,0.007426
1,2024-10-22 16:20:00,0.000129,0.036189,0.007432
1,2024-10-22 16:21:00,0.004402,0.036179,0.006394
1,2024-10-22 16:22:00,0.006564,0.040441,0.004267
1,2024-10-22 16:23:00,0.007631,0.039376,0.003208
1,2024-10-22 16:24:00,0.007621,0.039367,0.005344
1,2024-10-22 16:25:00,0.004416,0.039374,0.00639
1,2024-10-22 16:26:00,0.001225,0.039394,0.004231
1,2024-10-22 16:27:00,0.00123,0.040459,0.00423
1,2024-10-22 16:28:00,0.001235,0.040464,0.003161
1,2024-10-22 16:29:00,0.000163,0.03728,0.001022
1,2024-10-22 16:30:00,0.000153,0.035149,0.001024
1,2024-10-22 16:31:00,0.00123,0.036215,-3.8e-05
1,2024-10-22 16:32:00,-0.000909,0.037279,0.002082
1,2024-10-22 16:33:00,0.000153,0.037271,0.003158
1,2024-10-22 16:34:00,0.001215,0.038324,0.0053
1,2024-10-22 16:35:00,0.001201,0.035129,0.005304
1,2024-10-22 16:36:00,0.001211,0.035137,0.003168
1,2024-10-22 16:37:00,0.00123,0.036215,-3.8e-05
1,2024-10-22 16:38:00,0.001249,0.040476,-4.3e-05
1,2024-10-22 16:39:00,0.003373,0.038338,-2.6e-05
1,2024-10-22 16:40:00,0.003378,0.037282,-0.002161
1,2024-10-22 16:41:00,-0.00088,0.039427,-0.002193
1,2024-10-22 16:42:00,-0.001913,0.044766,-0.004344
1,2024-10-22 16:43:00,0.004488,0.044743,-0.004299
1,2024-10-22 16:44:00,0.001225,0.038333,0.003164
1,2024-10-22 16:45:00,-0.000909,0.036218,0.001015
1,2024-10-22 16:46:00,0.000163,0.036219,-4.5e-05
1,2024-10-22 16:47:00,-0.00088,0.040488,-0.001126
1,2024-10-22 16:48:00,0.004454,0.037286,-0.00429
1,2024-10-22 16:49:00,0.004464,0.038356,-0.005359
1,2024-10-22 16:50:00,0.004483,0.039434,-0.008565
1,2024-10-22 16:51:00,0.004464,0.038356,-0.005359
1,2024-10-22 16:52:00,-0.001952,0.036243,-0.004333
1,2024-10-22 16:53:00,-0.002999,0.038386,-0.006479
1,2024-10-22 16:54:00,-0.004061,0.037333,-0.008622
1,2024-10-22 16:55:00,-0.002999,0.034142,-0.010747
1,2024-10-22 16:56:00,-0.001923,0.035208,-0.011809
1,2024-10-22 16:57:00,-0.004052,0.037342,-0.010758
1,2024-10-22 16:58:00,-0.001947,0.033065,-0.008602
1,2024-10-22 16:59:00,0.000211,0.036262,-0.010727
1,2024-10-22 17:00:00,0.000192,0.029879,-0.012856
1,2024-10-22 17:01:00,0.000182,0.031992,-0.008585
1,2024-10-22 17:02:00,-0.001976,0.029856,-0.005393
1,2024-10-22 17:03:00,-0.001985,0.030909,-0.00219
1,2024-10-22 17:04:00,-0.004119,0.029855,-0.003272
1,2024-10-22 17:05:00,-0.006253,0.029863,-0.003287
1,2024-10-22 17:06:00,-0.001942,0.035191,-0.007536
1,2024-10-22 17:07:00,0.004493,0.040503,-0.009635
1,2024-10-22 17:08:00,0.004493,0.039442,-0.010701
1,2024-10-22 17:09:00,0.004502,0.039451,-0.012838
1,2024-10-22 17:10:00,0.003402,0.035181,-0.009635
1,2024-10-22 17:11:00,0.00012,0.025571,-0.0011
1,2024-10-22 17:12:00,0.00334,0.031942,0.001051
1,2024-10-22 17:13:00,0.004382,0.027673,0.002132
1,2024-10-22 17:14:00,0.006521,0.029792,0.003212
1,2024-10-22 17:15:00,0.004373,0.027665,0.004268
1,2024-10-22 17:16:00,0.005449,0.025548,5e-06
1,2024-10-22 17:17:00,0.005464,0.02556,-0.003199
1,2024-10-22 17:18:00,0.003364,0.030903,-0.005357
1,2024-10-22 17:19:00,0.001263,0.034123,-0.009649
1,2024-10-22 17:20:00,0.001292,0.036271,-0.013924
1,2024-10-22 17:21:00,-0.000822,0.038417,-0.016078
1,2024-10-22 17:22:00,0.002383,0.037349,-0.018191
1,2024-10-22 17:23:00,0.002402,0.039488,-0.02033
1,2024-10-22 17:24:00,0.005627,0.04162,-0.023515
1,2024-10-22 17:25:00,0.008799,0.036279,-0.022418
1,2024-10-22 17:26:00,0.006646,0.035208,-0.019227
1,2024-10-22 17:27:00,0.000244,0.038413,-0.016071
1,2024-10-22 17:28:00,-0.001884,0.039486,-0.016087
1,2024-10-22 17:29:00,0.000278,0.041626,-0.020348
1,2024-10-22 17:30:00,-0.000755,0.044843,-0.024632
1,2024-10-22 17:31:00,0.002474,0.049101,-0.026751
1,2024-10-22 17:32:00,0.003541,0.043792,-0.032078
1,2024-10-22 17:33:00,0.004617,0.043797,-0.034207
1,2024-10-22 17:34:00,0.004584,0.037401,-0.033131
1,2024-10-22 17:35:00,-0.00286,0.048059,-0.027855
1,2024-10-22 17:36:00,-0.006008,0.056605,-0.031093
1,2024-10-22 17:37:00,-0.005018,0.044862,-0.02573
1,2024-10-22 17:38:00,-0.005143,0.032019,-0.010759
1,2024-10-22 17:39:00,0.004378,0.032974,0.008534
1,2024-10-22 17:40:00,0.014984,0.032882,0.022495
1,2024-10-22 17:41:00,0.014912,0.02433,0.029983
1,2024-10-22 17:42:00,0.013793,0.018981,0.036392
1,2024-10-22 17:43:00,0.017007,0.025349,0.039611
1,2024-10-22 17:44:00,0.021332,0.029629,0.031089
1,2024-10-22 17:45:00,0.024571,0.02753,0.020433
1,2024-10-22 17:46:00,0.020304,0.025423,0.018269
1,2024-10-22 17:47:00,0.012836,0.029693,0.022484
1,2024-10-22 17:48:00,0.0,0.030769,0.030939
1,2024-10-22 17:49:00,-0.008578,0.025456,0.035159
1,2024-10-22 17:50:00,-0.009654,0.020146,0.031953
1,2024-10-22 17:51:00,-0.007473,0.023364,0.024487
1,2024-10-22 17:52:00,-0.00422,0.029766,0.01916
1,2024-10-22 17:53:00,7.7e-05,0.031898,0.014915
1,2024-10-22 17:54:00,0.001139,0.025524,0.009589
1,2024-10-22 17:55:00,0.002215,0.02659,0.008527
1,2024-10-22 17:56:00,0.003292,0.032961,0.012799
1,2024-10-22 17:57:00,9.6e-05,0.038281,0.017043
1,2024-10-22 17:58:00,0.001158,0.037212,0.017052
1,2024-10-22 17:59:00,0.00754,0.032929,0.017102
1,2024-10-22 18:00:00,0.007516,0.027603,0.017109
1,2024-10-22 18:01:00,0.002167,0.027608,0.020276
1,2024-10-22 18:02:00,-0.00631,0.034055,0.013799
1,2024-10-22 18:03:00,-0.002014,0.034066,0.00742
1,2024-10-22 18:04:00,-0.003114,0.030857,0.011689
1,2024-10-22 18:05:00,-0.000985,0.032967,0.014906
1,2024-10-22 18:06:00,-0.001009,0.029763,0.017046
1,2024-10-22 18:07:00,-0.001019,0.028693,0.018116
1,2024-10-22 18:08:00,4.3e-05,0.026563,0.017058
1,2024-10-22 18:09:00,7.7e-05,0.029776,0.012781
1,2024-10-22 18:10:00,0.00223,0.03403,0.012791
1,2024-10-22 18:11:00,0.006497,0.034015,0.01282
1,2024-10-22 18:12:00,0.005421,0.032949,0.013883
1,2024-10-22 18:13:00,0.002244,0.036165,0.01172
1,2024-10-22 18:14:00,0.000115,0.036176,0.010637
1,2024-10-22 18:15:00,-0.002019,0.038306,0.012755
1,2024-10-22 18:16:00,-0.000947,0.037245,0.010628
1,2024-10-22 18:17:00,0.002244,0.035104,0.010653
1,2024-10-22 18:18:00,0.002254,0.036173,0.009583
1,2024-10-22 18:19:00,0.001187,0.037238,0.010643
1,2024-10-22 18:20:00,0.001182,0.036173,0.010644
1,2024-10-22 18:21:00,0.000101,0.034042,0.011708
1,2024-10-22 18:22:00,0.002249,0.036169,0.010652
1,2024-10-22 18:23:00,0.004378,0.035096,0.010668
1,2024-10-22 18:24:00,0.000125,0.040429,0.012768
1,2024-10-22 18:25:00,0.002244,0.036165,0.01172
1,2024-10-22 18:26:00,0.000129,0.041494,0.012766
1,2024-10-22 18:27:00,0.001215,0.041507,0.008501
1,2024-10-22 18:28:00,0.002297,0.039395,0.00317
1,2024-10-22 18:29:00,-0.000875,0.043675,0.001006
1,2024-10-22 18:30:00,0.003435,0.051126,-0.00111
1,2024-10-22 18:31:00,0.001225,0.044699,0.009565
1,2024-10-22 18:32:00,-0.000942,0.042555,0.014894
1,2024-10-22 18:33:00,-0.003105,0.03511,0.01382
1,2024-10-22 18:34:00,-0.002038,0.035106,0.013828
1,2024-10-22 18:35:00,0.004378,0.040401,0.016002
1,2024-10-22 18:36:00,0.002263,0.042548,0.013848
1,2024-10-22 18:37:00,0.003354,0.042565,0.008515
1,2024-10-22 18:38:00,0.002297,0.0447,0.008505
1,2024-10-22 18:39:00,0.001211,0.040442,0.008502
1,2024-10-22 18:40:00,-0.000937,0.040437,0.011692
1,2024-10-22 18:41:00,-0.001995,0.039388,0.008481
1,2024-10-22 18:42:00,-0.003047,0.042588,0.00847
1,2024-10-22 18:43:00,-0.000918,0.041515,0.008486
1,2024-10-22 18:44:00,-0.000909,0.042584,0.007417
1,2024-10-22 18:45:00,-0.005176,0.041538,0.00632
1,2024-10-22 18:46:00,-0.007295,0.04262,0.004167
1,2024-10-22 18:47:00,-0.005157,0.040494,0.00098
1,2024-10-22 18:48:00,-0.00299,0.046883,-8.1e-05
1,2024-10-22 18:49:00,-0.000866,0.047928,0.003137
1,2024-10-22 18:50:00,0.000197,0.045798,0.002079
1,2024-10-22 18:51:00,0.001268,0.043676,-0.001115
1,2024-10-22 18:52:00,0.001244,0.041533,0.002092
1,2024-10-22 18:53:00,0.001244,0.042594,0.003159
1,2024-10-22 18:54:00,0.00123,0.04152,0.005296
1,2024-10-22 18:55:00,-0.000889,0.042602,0.003144
1,2024-10-22 18:56:00,0.000163,0.039402,0.003155
1,2024-10-22 18:57:00,-0.004114,0.038347,0.004195
1,2024-10-22 18:58:00,-0.006219,0.042624,0.002038
1,2024-10-22 18:59:00,0.001225,0.039394,0.004231
1,2024-10-22 19:00:00,0.00334,0.040431,0.009586
1,2024-10-22 19:01:00,0.003354,0.041504,0.007448
1,2024-10-22 19:02:00,0.003354,0.043626,0.009582
1,2024-10-22 19:03:00,0.005478,0.040427,0.008532
1,2024-10-22 19:04:00,0.007607,0.038294,0.007482
1,2024-10-22 19:05:00,0.008684,0.038298,0.005353
1,2024-10-22 19:06:00,0.007626,0.040433,0.005343
1,2024-10-22 19:07:00,0.005497,0.042566,0.006393
1,2024-10-22 19:08:00,0.004426,0.042566,0.007454
1,2024-10-22 19:09:00,0.001239,0.044712,0.006361
1,2024-10-22 19:10:00,-0.001952,0.043671,0.003135
1,2024-10-22 19:11:00,-0.001961,0.04154,0.003138
1,2024-10-22 19:12:00,0.002297,0.040456,0.004237
1,2024-10-22 19:13:00,0.003349,0.038317,0.005315
1,2024-10-22 19:14:00,0.00334,0.035125,0.004251
1,2024-10-22 19:15:00,0.005478,0.036183,0.004265
1,2024-10-22 19:16:00,0.005478,0.039366,0.007465
1,2024-10-22 19:17:00,0.003344,0.039374,0.00745
1,2024-10-22 19:18:00,0.004402,0.03724,0.007461
1,2024-10-22 19:19:00,0.003335,0.036182,0.006386
1,2024-10-22 19:20:00,0.003344,0.038313,0.006384
1,2024-10-22 19:21:00,0.001211,0.039381,0.007436
1,2024-10-22 19:22:00,0.000149,0.039389,0.00636
1,2024-10-22 19:23:00,0.000158,0.039398,0.004224
1,2024-10-22 19:24:00,0.00122,0.038329,0.004232
1,2024-10-22 19:25:00,0.002278,0.036194,0.004242
1,2024-10-22 19:26:00,0.001211,0.035137,0.003168
1,2024-10-22 19:27:00,0.000158,0.036215,0.001023
1,2024-10-22 19:28:00,0.002282,0.035138,0.002107
1,2024-10-22 19:29:00,-0.00199,0.038331,0.006346
1,2024-10-22 19:30:00,-0.003009,0.044744,0.002058
1,2024-10-22 19:31:00,0.004426,0.039383,0.004253
1,2024-10-22 19:32:00,0.002263,0.037243,0.008514
1,2024-10-22 19:33:00,0.002254,0.036173,0.009583
1,2024-10-22 19:34:00,0.000115,0.036176,0.010637
1,2024-10-22 19:35:00,0.005459,0.037227,0.009604
1,2024-10-22 19:36:00,0.00654,0.037236,0.006407
1,2024-10-22 19:37:00,0.006555,0.040432,0.006403
1,2024-10-22 19:38:00,0.006574,0.042571,0.004264
1,2024-10-22 19:39:00,0.005493,0.04044,0.005328
1,2024-10-22 19:40:00,0.002297,0.040456,0.004237
1,2024-10-22 19:41:00,0.000153,0.040454,0.006359
1,2024-10-22 19:42:00,0.001235,0.040464,0.003161
1,2024-10-22 19:43:00,0.002292,0.03939,0.004238
1,2024-10-22 19:44:00,0.002302,0.04046,0.003169
1,2024-10-22 19:45:00,0.00123,0.038337,0.002096
1,2024-10-22 19:46:00,-0.000913,0.037275,0.003151
1,2024-10-22 19:47:00,0.00123,0.038337,0.002096
1,2024-10-22 19:48:00,0.00122,0.036207,0.002099
1,2024-10-22 19:49:00,0.001211,0.035137,0.003168
1,2024-10-22 19:50:00,0.001211,0.035137,0.003168
1,2024-10-22 19:51:00,0.000144,0.035141,0.003161
1,2024-10-22 19:52:00,0.001196,0.034063,0.005306
1,2024-10-22 19:53:00,0.001215,0.036202,0.003167
1,2024-10-22 19:54:00,0.000149,0.036206,0.003159
1,2024-10-22 19:55:00,0.001215,0.035141,0.0021
1,2024-10-22 19:56:00,0.002292,0.036207,0.001038
1,2024-10-22 19:57:00,0.001225,0.038333,0.003164
1,2024-10-22 19:58:00,0.002292,0.038329,0.003172
1,2024-10-22 19:59:00,0.002292,0.038329,0.003172
1,2024-10-22 20:00:00,0.003364,0.03833,0.002111
1,2024-10-22 20:01:00,0.003354,0.03726,0.00318
1,2024-10-22 20:02:00,-0.000894,0.041536,0.003145
1,2024-10-22 20:03:00,0.003412,0.04686,-3.6e-05
1,2024-10-22 20:04:00,0.003335,0.037243,0.007453
1,2024-10-22 20:05:00,0.000115,0.035115,0.00957
1,2024-10-22 20:06:00,-0.002014,0.034066,0.00742
1,2024-10-22 20:07:00,0.000129,0.036189,0.007432
1,2024-10-22 20:08:00,0.004397,0.035113,0.006395
1,2024-10-22 20:09:00,0.005478,0.038305,0.006399
1,2024-10-22 20:10:00,0.006569,0.039384,0.002132
1,2024-10-22 20:11:00,0.006559,0.040436,0.005335
1,2024-10-22 20:12:00,0.004411,0.038309,0.006391
1,2024-10-22 20:13:00,-0.000909,0.040462,0.005283
1,2024-10-22 20:14:00,-0.000909,0.039401,0.004216
1,2024-10-22 20:15:00,0.001225,0.039394,0.004231
1,2024-10-22 20:16:00,0.002287,0.037264,0.003173
1,2024-10-22 20:17:00,0.001235,0.038342,0.001028
1,2024-10-22 20:18:00,-0.000909,0.03834,0.003149
1,2024-10-22 20:19:00,-0.000904,0.038345,0.002081
1,2024-10-22 20:20:00,0.00122,0.037268,0.003165
1,2024-10-22 20:21:00,0.001215,0.037263,0.004234
1,2024-10-22 20:22:00,0.000149,0.037267,0.004226
1,2024-10-22 20:23:00,0.001211,0.036198,0.004235
1,2024-10-22 20:24:00,0.001215,0.036202,0.003167
1,2024-10-22 20:25:00,0.00122,0.037268,0.003165
1,2024-10-22 20:26:00,0.000158,0.038337,0.003157
1,2024-10-22 20:27:00,0.002306,0.039403,0.001034
1,2024-10-22 20:28:00,0.002287,0.038325,0.00424
1,2024-10-22 20:29:00,0.000153,0.038332,0.004225
1,2024-10-22 20:30:00,0.002302,0.038338,0.001035
1,2024-10-22 20:31:00,0.004435,0.039391,0.002117
1,2024-10-22 20:32:00,0.005493,0.036196,0.00106
1,2024-10-22 20:33:00,0.001225,0.039394,0.004231
1,2024-10-22 20:34:00,-0.003009,0.044744,0.002058
1,2024-10-22 20:35:00,0.003397,0.044726,0.001035
1,2024-10-22 20:36:00,0.003349,0.036195,0.003182
1,2024-10-22 20:37:00,0.001239,0.038346,-4e-05
1,2024-10-22 20:38:00,0.002316,0.03729,-0.003236
1,2024-10-22 20:39:00,0.002311,0.039407,-3.4e-05
1,2024-10-22 20:40:00,0.00443,0.033021,-0.003216
1,2024-10-22 20:41:00,0.001254,0.035176,-0.006446
1,2024-10-22 20:42:00,0.002349,0.037319,-0.010714
1,2024-10-22 20:43:00,0.005564,0.038382,-0.012829
1,2024-10-22 20:44:00,0.002378,0.04265,-0.011788
1,2024-10-22 20:45:00,-0.004033,0.041603,-0.010764
1,2024-10-22 20:46:00,-0.007248,0.038418,-0.010782
1,2024-10-22 20:47:00,-0.008329,0.033104,-0.012919
1,2024-10-22 20:48:00,-0.007243,0.035239,-0.015051
1,2024-10-22 20:49:00,-0.004037,0.036294,-0.01503
1,2024-10-22 20:50:00,-0.00298,0.037342,-0.011819
1,2024-10-22 20:51:00,0.000201,0.036253,-0.008591
1,2024-10-22 20:52:00,-0.000913,0.030909,-0.003251
1,2024-10-22 20:53:00,0.00011,0.028745,0.004237
1,2024-10-22 20:54:00,8.6e-05,0.028724,0.009578
1,2024-10-22 20:55:00,0.002215,0.028712,0.010661
1,2024-10-22 20:56:00,0.007564,0.029767,0.00856
1,2024-10-22 20:57:00,0.009746,0.034046,0.002161
1,2024-10-22 20:58:00,0.012999,0.04257,-0.001032
1,2024-10-22 20:59:00,0.010894,0.052152,0.002146
1,2024-10-22 21:00:00,0.008712,0.048934,0.009612
1,2024-10-22 21:01:00,0.004387,0.04041,0.013866
1,2024-10-22 21:02:00,-0.004191,0.031913,0.014885
1,2024-10-22 21:03:00,-0.009487,0.035149,0.009503
1,2024-10-22 21:04:00,-0.001956,0.041544,0.00207
1,2024-10-22 21:05:00,0.005478,0.038305,0.006399
1,2024-10-22 21:06:00,0.000129,0.038311,0.009566
1,2024-10-22 21:07:00,-0.00199,0.036209,0.004213
1,2024-10-22 21:08:00,-0.000918,0.03621,0.003152
1,2024-10-22 21:09:00,0.00334,0.035125,0.004251
1,2024-10-22 21:10:00,0.00654,0.035114,0.004274
1,2024-10-22 21:11:00,0.005469,0.038297,0.008535
1,2024-10-22 21:12:00,0.003311,0.0351,0.01066
1,2024-10-22 21:13:00,0.002234,0.034034,0.011722
1,2024-10-22 21:14:00,0.00333,0.036178,0.007454
1,2024-10-22 21:15:00,0.004435,0.042574,0.005318
1,2024-10-22 21:16:00,0.003383,0.044713,0.004239
1,2024-10-22 21:17:00,0.003368,0.041517,0.004243
1,2024-10-22 21:18:00,0.002287,0.037264,0.003173
1,2024-10-22 21:19:00,0.002282,0.03726,0.004241
1,2024-10-22 21:20:00,0.000168,0.039406,0.002087
1,2024-10-22 21:21:00,0.000168,0.038345,0.00102
1,2024-10-22 21:22:00,0.000168,0.038345,0.00102
1,2024-10-22 21:23:00,0.000168,0.039406,0.002087
1,2024-10-22 21:24:00,0.001215,0.039385,0.006367
1,2024-10-22 21:25:00,0.001215,0.038324,0.0053
1,2024-10-22 21:26:00,0.002297,0.039395,0.00317
1,2024-10-22 21:27:00,0.006569,0.040445,0.003199
1,2024-10-22 21:28:00,0.008679,0.039355,0.007488
1,2024-10-22 21:29:00,0.007578,0.036146,0.011757
1,2024-10-22 21:30:00,0.01075,0.031865,0.013921
1,2024-10-22 21:31:00,0.005425,0.035075,0.014948
1,2024-10-22 21:32:00,0.000139,0.040442,0.009563
1,2024-10-22 21:33:00,0.005531,0.045779,0.002116
1,2024-10-22 21:34:00,0.005478,0.039366,0.007465
1,2024-10-22 21:35:00,-0.000918,0.039393,0.006352
1,2024-10-22 21:36:00,-0.004109,0.038352,0.003127
1,2024-10-22 21:37:00,-0.005157,0.040494,0.00098
1,2024-10-22 21:38:00,-0.004095,0.038364,-7.8e-05
1,2024-10-22 21:39:00,0.000149,0.035145,0.002092
1,2024-10-22 21:40:00,0.004402,0.036179,0.006394
1,2024-10-22 21:41:00,0.001177,0.034046,0.009579
1,2024-10-22 21:42:00,0.002258,0.034055,0.006381
1,2024-10-22 21:43:00,0.006564,0.03938,0.0032
1,2024-10-22 21:44:00,0.005516,0.043644,0.003187
1,2024-10-22 21:45:00,0.003383,0.044713,0.004239
1,2024-10-22 21:46:00,0.000158,0.038337,0.003157
1,2024-10-22 21:47:00,-0.004114,0.036225,0.002061
1,2024-10-22 21:48:00,-0.003033,0.037295,-6.9e-05
1,2024-10-22 21:49:00,-0.000889,0.038358,-0.001124
1,2024-10-22 21:50:00,0.00233,0.042607,-0.001107
1,2024-10-22 21:51:00,-0.001937,0.043683,-7e-05
1,2024-10-22 21:52:00,0.001259,0.041546,-0.001113
1,2024-10-22 21:53:00,0.004435,0.03833,0.00105
1,2024-10-22 21:54:00,0.00333,0.032995,0.004254
1,2024-10-22 21:55:00,0.003311,0.032978,0.008527
1,2024-10-22 21:56:00,0.004373,0.035092,0.011736
1,2024-10-22 21:57:00,0.003292,0.0319,0.011733
1,2024-10-22 21:58:00,0.003306,0.029791,0.006394
1,2024-10-22 21:59:00,0.007578,0.027658,0.003222
1,2024-10-22 22:00:00,0.000158,0.038337,0.003157
1,2024-10-22 22:01:00,-0.001937,0.045805,0.002064
1,2024-10-22 22:02:00,0.002306,0.042586,0.004234
1,2024-10-22 22:03:00,-0.002033,0.031927,0.009559
1,2024-10-22 22:04:00,-0.004167,0.031934,0.009544
1,2024-10-22 22:05:00,-0.003076,0.034074,0.006344
1,2024-10-22 22:06:00,0.003354,0.038321,0.004247
1,2024-10-22 22:07:00,0.008693,0.039368,0.004283
1,2024-10-22 22:08:00,0.008703,0.042559,0.005347
1,2024-10-22 22:09:00,0.009765,0.040429,0.004289
1,2024-10-22 22:10:00,0.008684,0.038298,0.005353
1,2024-10-22 22:11:00,0.005483,0.039371,0.006397
1,2024-10-22 22:12:00,0.000163,0.043646,0.007423
1,2024-10-22 22:13:00,-0.000904,0.042589,0.006348
1,2024-10-22 22:14:00,0.00122,0.03939,0.005299
1,2024-10-22 22:15:00,0.000163,0.038341,0.002088
1,2024-10-22 22:16:00,-0.000904,0.039406,0.003148
1,2024-10-22 22:17:00,0.002302,0.039399,0.002102
1,2024-10-22 22:18:00,0.003364,0.039391,0.003178
1,2024-10-22 22:19:00,0.005507,0.040453,0.002123
1,2024-10-22 22:20:00,0.005469,0.036175,0.006401
1,2024-10-22 22:21:00,0.004387,0.035105,0.008531
1,2024-10-22 22:22:00,0.003316,0.034043,0.008525
1,2024-10-22 22:23:00,0.005473,0.038301,0.007467
1,2024-10-22 22:24:00,0.006559,0.040436,0.005335
1,2024-10-22 22:25:00,0.005493,0.039379,0.004261
1,2024-10-22 22:26:00,0.003349,0.037256,0.004249
1,2024-10-22 22:27:00,0.003349,0.037256,0.004249
1,2024-10-22 22:28:00,0.002292,0.03939,0.004238
1,2024-10-22 22:29:00,-0.001952,0.043671,0.003135
1,2024-10-22 22:30:00,0.003402,0.046852,0.0021
1,2024-10-22 22:31:00,0.002249,0.035108,0.009585
1,2024-10-22 22:32:00,-0.004181,0.030861,0.011682
1,2024-10-22 22:33:00,-0.002009,0.03407,0.006352
1,2024-10-22 22:34:00,0.003364,0.040452,0.004245
1,2024-10-22 22:35:00,0.008674,0.037229,0.006422
1,2024-10-22 22:36:00,0.010822,0.039356,0.005366
1,2024-10-22 22:37:00,0.008698,0.042555,0.006416
1,2024-10-22 22:38:00,0.00654,0.039358,0.008541
1,2024-10-22 22:39:00,0.00654,0.037236,0.006407
1,2024-10-22 22:40:00,0.003344,0.036191,0.00425
1,2024-10-22 22:41:00,0.000158,0.039398,0.004224
1,2024-10-22 22:42:00,0.000163,0.039402,0.003155
1,2024-10-22 22:43:00,-0.000913,0.037275,0.003151
1,2024-10-22 22:44:00,0.000153,0.037271,0.003158
1,2024-10-22 22:45:00,0.00122,0.038329,0.004232
1,2024-10-22 22:46:00,0.00122,0.037268,0.003165
1,2024-10-22 22:47:00,0.002282,0.03726,0.004241
1,2024-10-22 22:48:00,0.003344,0.037252,0.005317
1,2024-10-22 22:49:00,0.004402,0.036179,0.006394
1,2024-10-22 22:50:00,0.003354,0.03726,0.00318
1,2024-10-22 22:51:00,0.003354,0.03726,0.00318
1,2024-10-22 22:52:00,0.003349,0.038317,0.005315
1,2024-10-22 22:53:00,0.00122,0.040451,0.006366
1,2024-10-22 22:54:00,0.002273,0.038312,0.007444
1,2024-10-22 22:55:00,0.002268,0.036186,0.006379
1,2024-10-22 22:56:00,0.002249,0.031925,0.006384
1,2024-10-22 22:57:00,-0.002004,0.035136,0.00635
1,2024-10-22 22:58:00,-0.000904,0.040467,0.004215
1,2024-10-22 22:59:00,0.005478,0.039366,0.007465
1,2024-10-22 23:00:00,0.003258,0.030809,0.018143
1,2024-10-22 23:01:00,-0.002062,0.036145,0.020235
1,2024-10-22 23:02:00,-0.0031,0.037236,0.014886
1,2024-10-22 23:03:00,0.002273,0.038312,0.007444
1,2024-10-22 23:04:00,0.010884,0.041534,-0.006387
1,2024-10-22 23:05:00,0.016286,0.052185,-0.010635
1,2024-10-22 23:06:00,0.006665,0.049018,-0.00963
1,2024-10-22 23:07:00,-0.004057,0.042643,-0.004356
1,2024-10-22 23:08:00,-0.011582,0.036251,0.002009
1,2024-10-22 23:09:00,-0.012659,0.034125,0.002004
1,2024-10-22 23:10:00,-0.006243,0.037298,0.002045
1,2024-10-22 23:11:00,-0.003004,0.041565,-0.002211
1,2024-10-22 23:12:00,0.000216,0.041571,-0.006461
1,2024-10-22 23:13:00,0.000235,0.041588,-0.010734
1,2024-10-22 23:14:00,0.000221,0.039453,-0.009663
1,2024-10-22 23:15:00,0.000197,0.036249,-0.007523
1,2024-10-22 23:16:00,-0.000889,0.036236,-0.003257
1,2024-10-22 23:17:00,-0.000889,0.038358,-0.001124
1,2024-10-22 23:18:00,-0.000885,0.037301,-0.003259
1,2024-10-22 23:19:00,0.000182,0.038358,-0.002184
1,2024-10-22 23:20:00,0.001235,0.03622,-0.001106
1,2024-10-22 23:21:00,0.001225,0.03515,-3.6e-05
1,2024-10-22 23:22:00,-0.002014,0.029822,0.003152
1,2024-10-22 23:23:00,0.002244,0.027677,0.003185
1,2024-10-22 23:24:00,0.00333,0.030873,0.00212
1,2024-10-22 23:25:00,0.002306,0.038342,-3.3e-05
1,2024-10-22 23:26:00,0.004498,0.046874,-0.004302
1,2024-10-22 23:27:00,0.009856,0.052181,-0.004271
1,2024-10-22 23:28:00,0.009774,0.039377,0.001086
1,2024-10-22 23:29:00,0.005449,0.034036,0.00854
1,2024-10-22 23:30:00,0.001129,0.028699,0.014926
1,2024-10-22 23:31:00,-0.003172,0.028684,0.022374
1,2024-10-22 23:32:00,0.001091,0.024421,0.019204
1,2024-10-22 23:33:00,0.006478,0.028693,0.011759
1,2024-10-22 23:34:00,0.010788,0.036143,0.009643
1,2024-10-22 23:35:00,0.012961,0.041475,0.006447
1,2024-10-22 23:36:00,0.008703,0.040437,0.003214
1,2024-10-22 23:37:00,0.002302,0.037277,-3.2e-05
1,2024-10-22 23:38:00,-0.003047,0.0341,-6.5e-05
1,2024-10-22 23:39:00,-0.008401,0.030918,0.00097
1,2024-10-22 23:40:00,-0.009468,0.031983,0.002029
1,2024-10-22 23:41:00,-0.008391,0.03411,0.002034
1,2024-10-22 23:42:00,-0.001976,0.035161,-5.9e-05
1,2024-10-22 23:43:00,0.00122,0.035146,0.001032
1,2024-10-22 23:44:00,0.002278,0.035133,0.003176
1,2024-10-22 23:45:00,0.003335,0.036182,0.006386
1,2024-10-22 23:46:00,0.00654,0.038297,0.007474
1,2024-10-22 23:47:00,0.00655,0.040428,0.007471
1,2024-10-22 23:48:00,0.006555,0.040432,0.006403
1,2024-10-22 23:49:00,0.00444,0.042579,0.004249
1,2024-10-22 23:50:00,0.007641,0.043628,0.005339
1,2024-10-22 23:51:00,0.006559,0.040436,0.005335
1,2024-10-22 23:52:00,0.004416,0.038313,0.005323
1,2024-10-22 23:53:00,0.004406,0.038305,0.007459
1,2024-10-22 23:54:00,-0.000937,0.039376,0.010625
1,2024-10-22 23:55:00,0.002254,0.038295,0.011717
1,2024-10-22 23:56:00,4.8e-05,0.02869,0.018123
1,2024-10-22 23:57:00,0.001129,0.030821,0.01706
1,2024-10-22 23:58:00,0.003311,0.037222,0.012794
1,2024-10-22 23:59:00,0.006569,0.046811,0.0096
1,2024-10-23 00:00:00,0.009794,0.04576,0.003214
